"id","revenue"
3001,2872201.81786063
3002,847352.166122746
3003,18756538.4342361
3004,10869331.117405
3005,1705712.95737237
3006,6917921.33832873
3007,4708834.26462448
3008,23693907.9844845
3009,17468159.6465022
3010,222700055.160283
3011,334717.166565551
3012,398730.844663612
3013,2834998.22317508
3014,429106.513932617
3015,22903742.3830472
3016,280190.693463441
3017,74514481.9370232
3018,104907256.625062
3019,26533291.0274458
3020,397029657.848733
3021,40167495.7900377
3022,30397377.6361045
3023,2512884.114338
3024,12531161.6067364
3025,2876170.98755973
3026,78175139.4954865
3027,6805030.5139131
3028,25390800.4479195
3029,89548.4125069683
3030,20393905.6682587
3031,7466343.58353568
3032,2103753.08029449
3033,67.6697001883805
3034,183570.925905127
3035,2440029.64328754
3036,6142091.47276433
3037,38483117.5363404
3038,17268124.4108595
3039,6768540.49477826
3040,578535.656320083
3041,30731185.1930376
3042,6524619.75814747
3043,2453346.18127972
3044,1457188.15238807
3045,446254673.906364
3046,801282.854677511
3047,9969415.62796598
3048,15011989.3930157
3049,20465162.0267195
3050,22939402.9470421
3051,28.4368460741908
3052,13665545.5671952
3053,182454.819393404
3054,143197.370950123
3055,27045648.8759027
3056,59236.4601050015
3057,23695787.4609607
3058,179472005.850786
3059,53168.8811185396
3060,84483781.0932469
3061,32872488.0039676
3062,10887111.6413803
3063,30779357.7173187
3064,5218807.5271634
3065,21221602.1863249
3066,50834982.0150039
3067,1703910.24239211
3068,37416416.7368906
3069,206658031.198526
3070,1497998.68943283
3071,4574144.35790156
3072,260406206.616447
3073,4224464.63212589
3074,66187.4095711479
3075,20634421.7132423
3076,162840116.503563
3077,14519596.1361494
3078,102881593.579866
3079,17722000.1740124
3080,68406680.9795837
3081,18370612.8997578
3082,10735486.0939829
3083,2098716.32617141
3084,104.364303004599
3085,6550945.0824066
3086,29132529.5091625
3087,599303.833168311
3088,443267.677331648
3089,301948.270094419
3090,27574209.7200722
3091,12539319.6641447
3092,10032936.935584
3093,129374238.746941
3094,109235805.710123
3095,41219442.5637628
3096,2654735.6156395
3097,743970506.102068
3098,18415643.0713384
3099,60819419.5027122
3100,4793278.90781053
3101,27896436.8064452
3102,1751951.10862987
3103,1396644.83746938
3104,1762699.96327751
3105,71493135.1163361
3106,12495359.9127283
3107,35314383.0257938
3108,1405271.38498789
3109,15130633.2286461
3110,311382576.414565
3111,1636802.06442705
3112,797717.30074178
3113,2754880.30736313
3114,15334821.8791824
3115,18346638.5011807
3116,2476305.86397075
3117,264915.98535039
3118,2125652.54152468
3119,181697285.838029
3120,62593535.4488455
3121,664780.560018706
3122,3023217.3911532
3123,8752182.75739001
3124,1500017.64296393
3125,11.7389298489673
3126,32924905.6733907
3127,15868351.1963218
3128,26138071.3563131
3129,208243335.217975
3130,13426121.0527002
3131,3888787.07495374
3132,4803997.42193685
3133,2098309.97355834
3134,9234032.12307247
3135,1408770.13250237
3136,8663622.47648385
3137,15757726.105626
3138,759113.171227329
3139,21339330.1357985
3140,66963770.3187923
3141,9998565.09835985
3142,26.5082356973306
3143,67833297.7910013
3144,2160941.03804679
3145,92426061.4515705
3146,2053105.73890016
3147,16249848.5677542
3148,8047238.05117619
3149,24993099.4600058
3150,74681255.0556235
3151,3579261.5315001
3152,4119066.12913048
3153,3606742.10727306
3154,2750037.54579659
3155,21780145.7529423
3156,6712734.9203007
3157,11024581.2501817
3158,89678704.0322586
3159,7204600.5523679
3160,14215882.7343758
3161,640833.78115572
3162,2593838.82234579
3163,65185108.4855721
3164,2153153.54744555
3165,165066.31967842
3166,531021.429775325
3167,42165168.4599678
3168,355565.543065393
3169,15348085.8098846
3170,5411537.79369436
3171,12442133.9049425
3172,10388981.5070057
3173,398359.993062915
3174,1073034.57281167
3175,8028474.36679954
3176,17789497.4020314
3177,57241809.2084732
3178,1124892.88164878
3179,2765734.96218058
3180,4209585.7866917
3181,648316.754928466
3182,101020022.737367
3183,29916066.3233621
3184,21105393.0750052
3185,33870571.6558641
3186,55884446.38868
3187,11556108.9032035
3188,5011880.04186375
3189,18504127.9028131
3190,20650838.8567425
3191,3560389.14968116
3192,3390656.62437076
3193,140887266.108484
3194,67374713.2768597
3195,210940.114701118
3196,13440432.1871286
3197,44662185.3965386
3198,140484864.932223
3199,168065323.632748
3200,4013547.97649082
3201,21108.134150645
3202,2690214.89377691
3203,1235016.3631838
3204,1186457.04203142
3205,2252070.19026637
3206,24670490.2235887
3207,19522699.6154237
3208,3030316.09673447
3209,1957080.70416683
3210,463329169.257915
3211,565021.342342343
3212,30957670.1833317
3213,37562460.0505317
3214,2323562.32391756
3215,1594357.12698868
3216,2723209.29209693
3217,330939957.767945
3218,2604842.18831881
3219,407399.360118976
3220,105793132.083404
3221,6556421.27993683
3222,66.3855265926332
3223,73257813.9301926
3224,38.3454811006041
3225,4201675.98969054
3226,4454771.43930262
3227,45272204.7155677
3228,89947146.1182566
3229,109650278.549493
3230,11084333.0116954
3231,27574707.5839732
3232,11500289.5032085
3233,2821210.9919149
3234,3128584.56240309
3235,14286995.8887876
3236,754106.070926415
3237,11219989.0288358
3238,1070122.17709473
3239,254792.963079984
3240,347900502.460292
3241,1471600.08814873
3242,1942387.70156809
3243,4001707.08121423
3244,702070.586915306
3245,1175255.34193667
3246,9896995.31721641
3247,17269846.4034081
3248,54276920.7541432
3249,13897656.0505038
3250,249112260.29618
3251,6746978.52763259
3252,16764347.2164705
3253,51793866.2886567
3254,2720003.1414027
3255,160262.449136245
3256,17810807.9557691
3257,12823985.1793832
3258,17490109.5638375
3259,17432911.0576201
3260,623129.701062833
3261,448446229.431168
3262,13661964.2430242
3263,759395.101412849
3264,296323.754497819
3265,210221.577138095
3266,97279.4782446426
3267,18490923.5267755
3268,158722.057918074
3269,25485861.4319978
3270,61306878.1335235
3271,8562383.51959847
3272,3065591.29774142
3273,3408435.429635
3274,320455301.334481
3275,7115918.79049833
3276,2342807.79924569
3277,1885903.02041056
3278,15357980.9151318
3279,16104305.0792988
3280,228339118.190855
3281,885433.93646321
3282,4131805.05030902
3283,326051659.515033
3284,16276206.5493265
3285,34838980.0459706
3286,698407.015494277
3287,7998314.31675543
3288,3166600.89951264
3289,14851956.9511418
3290,42393882.4611665
3291,8244760.98826181
3292,239675449.880499
3293,8283173.6985181
3294,3353776.38709225
3295,3003878.96279837
3296,566392.906369954
3297,875256.663571401
3298,14263857.166979
3299,2150354.73282076
3300,16478411.2717648
3301,112030.950832388
3302,6024477.38955135
3303,7576142.92982875
3304,6641206.34859907
3305,45075545.3580314
3306,779078.298008327
3307,24827092.0061867
3308,10589894.2196048
3309,680889.459809445
3310,2257674.04570185
3311,2035114.8824071
3312,3558592.4493769
3313,15893773.613339
3314,32872047.3139681
3315,53885269.6609597
3316,9581296.93383326
3317,669118.659148143
3318,101451.556177149
3319,9466379.34100703
3320,12407701.6993797
3321,4564261.04079132
3322,6585110.34017392
3323,83786292.4880199
3324,2927483.76021469
3325,39900195.4023335
3326,217771239.024097
3327,53813926.4150553
3328,5040161.28253062
3329,4819148.97756017
3330,110533742.926502
3331,2680695.75327432
3332,43582970.8140288
3333,83995656.1652421
3334,1181809.11530061
3335,23841998.2578675
3336,6090779.47643276
3337,68562.6060578022
3338,16507541.1271675
3339,1627138.75340232
3340,65098381.4158753
3341,9810290.7280254
3342,26891466.1369821
3343,39077235.9340647
3344,262739.71350015
3345,9465700.49193177
3346,11155784.9853194
3347,160019.537302592
3348,13264188.5467534
3349,51234855.7877661
3350,200444753.207718
3351,13360646.1917254
3352,1386498.8814669
3353,41450586.2401387
3354,2610945.37360179
3355,4672667.26088989
3356,4219995.14738444
3357,1100339.53699678
3358,7936213.98620321
3359,8440388.52405446
3360,4086381.1316853
3361,61259446.3299588
3362,7241754.40907616
3363,2593508.3235316
3364,15613206.6019441
3365,413573.31858796
3366,26574535.5140852
3367,121295803.421443
3368,1153559.54891383
3369,22672838.2785735
3370,33546164.379661
3371,33266081.6855614
3372,13707516.4520006
3373,59282868.8400987
3374,7307452.32309244
3375,40495329.1410324
3376,2682905.94667371
3377,5910357.5367449
3378,5269126.07962786
3379,122182449.882589
3380,29823381.3898869
3381,3876886.50881618
3382,707532.868823938
3383,3238230.02201355
3384,16171958.9090678
3385,66668536.471737
3386,1275842.23541928
3387,387182.660377064
3388,47009582.7202913
3389,960153816.299082
3390,8874213.60103031
3391,7690371.63808946
3392,11398273.7196272
3393,2313044.80355544
3394,43167701.1933721
3395,81229949.0221485
3396,5173444.58377541
3397,93569.3807291581
3398,196663050.8513
3399,58978051.6919735
3400,5410512.82181762
3401,719788.384599151
3402,1071536.91658997
3403,38636948.9267583
3404,10316176.2914277
3405,3751613.77321255
3406,79049640.2980046
3407,177715138.424522
3408,3206395.9968967
3409,283312.385463848
3410,22225002.1073547
3411,46610941.1957217
3412,4743942.83762895
3413,12805847.3357054
3414,956100.091148335
3415,11657563.3234363
3416,24221295.8355294
3417,61263576.5535648
3418,40755107.4718199
3419,270404442.154348
3420,410389.641962655
3421,7925470.70603597
3422,1202691.14449247
3423,391071619.15102
3424,1429465.42795683
3425,1552737.9362718
3426,13574357.8690403
3427,20960112.2079662
3428,1974695.41147867
3429,11899554.1029748
3430,392141483.986038
3431,945874.473453968
3432,4021678.15136277
3433,4737907.11851232
3434,5251441.98882167
3435,173709205.800781
3436,104534098.983022
3437,1195748.17567587
3438,16546215.1191054
3439,22853582.0558434
3440,35710528.1736152
3441,40331086.6637609
3442,1298479.64083902
3443,2279868.66298264
3444,4223987.81852993
3445,39486815.1822285
3446,996736.833220454
3447,8988341.97172471
3448,15032976.372526
3449,8139957.83636534
3450,45964993.575631
3451,13637186.5060809
3452,20739102.3872364
3453,30791774.0169527
3454,12867615.5742614
3455,4640493.56182691
3456,93931350.1661776
3457,13275137.356792
3458,14841865.5671928
3459,508369055.963588
3460,8069148.54100777
3461,3456851.62591481
3462,3618133.93406256
3463,12160639.1967198
3464,286318.956314775
3465,24018445.1814391
3466,11894006.5387152
3467,4842867.70473604
3468,17890652.8794785
3469,2422070.10435084
3470,558143.478814635
3471,36633717.881971
3472,252934.966077361
3473,18387086.6114993
3474,17178937.5730941
3475,122417304.712801
3476,8553387.21019021
3477,5746589.49621009
3478,6374072.01573509
3479,174267342.243259
3480,5802592.77062023
3481,1573526.21854404
3482,1790496.47735242
3483,1434164.32115408
3484,1481100.52202865
3485,91852705.5432817
3486,79666342.5894879
3487,65686796.9493255
3488,42774373.9547347
3489,6023008.41022653
3490,14259293.9622817
3491,25713666.915141
3492,4262850.99791584
3493,3505641.38295787
3494,3377075.92104591
3495,34775121.7264025
3496,4311322.38706536
3497,44383925.6977391
3498,10571405.4671911
3499,17342296.4818992
3500,504182.304072601
3501,61805221.7884102
3502,17528709.0529866
3503,21815902.2324814
3504,51694201.8378019
3505,3377320.66326998
3506,43950622.8773303
3507,114070567.194677
3508,4373049.07911174
3509,7804050.03003335
3510,8790967.81921844
3511,13175842.8245164
3512,168798136.815486
3513,16068393.91938
3514,8631959.26355021
3515,396671.246067715
3516,27697307.1888374
3517,466580967.637426
3518,17516408.8779695
3519,10976616.8122948
3520,1089212.77106091
3521,780179.005321205
3522,3166034.58653772
3523,28498699.8756694
3524,44958403.452485
3525,32709297.9301297
3526,10013812.4192803
3527,27634092.2520404
3528,1274681.60106741
3529,352101976.991401
3530,3685355.95330769
3531,42162234.7710286
3532,35977800.9443151
3533,17573641.6550244
3534,21335157.0148021
3535,138079249.399568
3536,1887253.01920405
3537,63466026.6919326
3538,46943748.1827343
3539,54870299.3410053
3540,11292959.09176
3541,9767705.63439755
3542,12860860.8053551
3543,277912.832190563
3544,11026223.4850239
3545,30.677049774148
3546,2113275.3105535
3547,42477232.1902718
3548,187618610.10316
3549,1704541.69285762
3550,149389385.413047
3551,81528803.6135184
3552,32781538.3777239
3553,17851513.5979359
3554,149896005.701714
3555,162722090.476316
3556,13683259.5241968
3557,6606338.52186578
3558,151397600.900223
3559,6881265.75786588
3560,5344133.0237793
3561,79439006.9625398
3562,4786757.70881496
3563,7079546.90105691
3564,2224871.63109421
3565,4371739.18275747
3566,33098350.129272
3567,5263668.26620234
3568,7923937.93764887
3569,87996155.1081662
3570,922585.780350864
3571,23255554.2014828
3572,148109223.146093
3573,3169406.85439338
3574,6428403.70107679
3575,3343660.70517694
3576,9331728.30668698
3577,8177576.39128461
3578,55650031.9275508
3579,15601477.0933772
3580,12542785.555086
3581,8566761.19632196
3582,67559341.1881224
3583,461613.185992454
3584,26558562.220604
3585,21283291.2529714
3586,20282442.8422277
3587,2721547.78614104
3588,479508.087634033
3589,24941100.4843273
3590,13007374.568907
3591,75620560.0814131
3592,1185990.63733959
3593,1212130.30403415
3594,580.241376637374
3595,5296101.67629696
3596,3262188.00829561
3597,5396565.27679655
3598,25496300.8644466
3599,3243533.55201508
3600,1856190.95533591
3601,447954.498649284
3602,560705.840775542
3603,7207821.07573342
3604,2022557.41383537
3605,36093979.1633131
3606,1475742.12194973
3607,25050952.8260527
3608,78172189.5044559
3609,1881624.34978786
3610,16576675.3515451
3611,475226.95930654
3612,3817291.77343807
3613,3243018.20426666
3614,52391996.9438905
3615,37990494.8309819
3616,11295113.5827213
3617,8343483.16324707
3618,61042216.9000678
3619,203.704882840533
3620,99992820.7395193
3621,167747087.710043
3622,35267092.6994368
3623,28836816.7312754
3624,233415.870061105
3625,2309776.04644521
3626,19393135.2149775
3627,16708834.5196477
3628,280506155.908084
3629,1806041.41356955
3630,445878.80999619
3631,83970452.5759138
3632,7220593.57607212
3633,29928337.8130422
3634,2037354.67841899
3635,1044584.52340126
3636,10381950.8955965
3637,1217247.54989574
3638,7496082.34185872
3639,85341835.0791608
3640,226364423.097221
3641,4001749.96653353
3642,7864749.96137929
3643,3731614.71655674
3644,5383048.89502388
3645,7327624.32721928
3646,3549938.59588749
3647,4994996.69526231
3648,3358748.71609425
3649,7151157.4680182
3650,12203539.9995107
3651,270937391.955629
3652,17654821.1274485
3653,122578669.142878
3654,34814753.8246331
3655,3834628.56879592
3656,13396928.4693416
3657,182085.440567047
3658,1527026.76261442
3659,69742240.0281337
3660,156674289.871032
3661,5798213.47532236
3662,24667725.4885811
3663,308071361.84621
3664,234423.072088633
3665,893672.937846749
3666,12945948.0331666
3667,105313052.026772
3668,22998455.16106
3669,2582997.86897053
3670,495.662277733475
3671,26142215.3903787
3672,5669818.3884597
3673,109586999.810431
3674,12370576.7019512
3675,268550558.747715
3676,72660527.9725191
3677,1625315.25367147
3678,4908876.89497548
3679,14032013.8511416
3680,879760.771519041
3681,2351773.57923707
3682,94087452.3061823
3683,2836825.3999666
3684,45343240.0950679
3685,115288539.933274
3686,6999159.38043002
3687,116770638.388209
3688,8352861.72482874
3689,1022261.95104044
3690,45315686.7144962
3691,573746.69770167
3692,280628.366756083
3693,107281962.867463
3694,124869612.518174
3695,63546600.0600908
3696,30575588.0257192
3697,14872468.6909818
3698,39370578.1451312
3699,4818241.99330472
3700,3918803.38358966
3701,19181469.0179462
3702,129846.524878113
3703,61449619.0449282
3704,38806589.2325398
3705,5531737.50741902
3706,43371926.1245348
3707,992611.820687147
3708,1132761.82232184
3709,215041672.448763
3710,21674913.9160975
3711,1630942.43164304
3712,14929987.7776983
3713,5315716.43811525
3714,730860.306309562
3715,19342474.1131322
3716,1944260.52268318
3717,505393.322472246
3718,7992056.89522868
3719,13610318.7955573
3720,7069209.2506693
3721,171830.566654503
3722,5003735.0548319
3723,325314.251239729
3724,7875257.37477754
3725,18110652.1951419
3726,6443300.67402828
3727,11420687.325999
3728,105396455.620444
3729,7624530.15751915
3730,41524691.4363171
3731,128703824.418838
3732,767355.435903186
3733,180928430.07134
3734,288768859.038806
3735,9724459.25745303
3736,8335256.73442541
3737,16896027.1917718
3738,551148.943420534
3739,2163558.94321987
3740,1640461.48867779
3741,4130297.56469469
3742,54621759.377599
3743,29194558.7938309
3744,134438045.39098
3745,21800470.9706779
3746,170776445.843605
3747,178405.604976039
3748,1909650.48902975
3749,2674544.60284215
3750,1499650.08370144
3751,6135336.70440568
3752,1058405.86568213
3753,7033186.30965389
3754,20888271.3365285
3755,61245675.2561918
3756,13426003.2735754
3757,236518555.633506
3758,89335393.6282545
3759,2448054.6257762
3760,191747779.897945
3761,25246192.4632809
3762,254640523.875188
3763,17383242.8783659
3764,14715143.9319417
3765,5259161.41176035
3766,806909.883286882
3767,13852076.5630105
3768,2538505.66927385
3769,864128.370333559
3770,4984678.95232733
3771,25500866.5160061
3772,7682969.41170564
3773,12486813.2252679
3774,15898322.3087637
3775,116862611.103606
3776,43220202.7017082
3777,1314198.09690423
3778,85902.6975861501
3779,19769687.9051227
3780,461217.763613531
3781,30080084.2586589
3782,475681.868397839
3783,8626453.31200518
3784,1519412.17759587
3785,290582856.123359
3786,4981003.81470831
3787,162448767.214955
3788,462987083.298766
3789,16741266.8906985
3790,642607.103850234
3791,4873315.19854201
3792,18.0550072296193
3793,1790034.18778576
3794,1154585.00307585
3795,297805808.171001
3796,4232255.7903373
3797,10818029.2175905
3798,31308986.6155792
3799,9433188.96829692
3800,931470.171650111
3801,91434537.2547442
3802,920008.541356041
3803,10658766.7748266
3804,311931.054787264
3805,81319.0732463284
3806,29815462.380024
3807,2808890.66640586
3808,369719.305934193
3809,21413452.2540992
3810,2669208.88827991
3811,21705270.8092975
3812,3237625.9837705
3813,63207.2254306174
3814,516038.366136806
3815,48972673.5190992
3816,95366522.17397
3817,70867493.0712785
3818,42441208.8437476
3819,15428442.9533485
3820,58044733.7970504
3821,7638636.49735006
3822,6124674.38503826
3823,3057505.11577902
3824,790938.584574978
3825,50815781.0249088
3826,59439004.2670936
3827,57087919.3670562
3828,1688733.26119381
3829,175990.018482322
3830,24258127.0223072
3831,33.0845488995279
3832,151632151.553517
3833,22605818.0678273
3834,7831347.41047228
3835,4484120.7666778
3836,1181007.18864348
3837,18814323.8556326
3838,923481.929965638
3839,846999.332867502
3840,20543780.6110554
3841,3804511.32841178
3842,2666085.8996085
3843,4973414.97632432
3844,1458311.57114955
3845,70208.2845774506
3846,108689.704734483
3847,623796.235810053
3848,1661209.22119678
3849,59331679.507099
3850,5633322.43996736
3851,13755852.5560502
3852,977467.442712881
3853,67549734.6030267
3854,74445.8709147272
3855,1179871.0702209
3856,27208977.9870316
3857,229097118.744388
3858,390970.998544395
3859,12920695.4447839
3860,9227595.07573747
3861,24977371.1224551
3862,6199698.17974483
3863,39955427.2663305
3864,21161244.7481567
3865,85887755.4457556
3866,8280156.55171051
3867,23606521.0129694
3868,5101992.58225404
3869,60623712.1388868
3870,73567084.1169451
3871,356773975.345441
3872,5807894.26803793
3873,8645486.11833114
3874,860433.170152049
3875,40765964.1550905
3876,1174813.46240211
3877,32788703.5947861
3878,99566239.0801671
3879,316838533.231953
3880,4509450.15853935
3881,15.7815782349978
3882,858214.186270443
3883,1482724.71458155
3884,99122796.4994053
3885,939339.956171474
3886,32537035.5649004
3887,11440891.5671906
3888,2332502.88348012
3889,4105973.86927736
3890,70370667.6450154
3891,3765065.12165382
3892,6452726.82856223
3893,137691343.263474
3894,37526021.1506969
3895,23972087.6530491
3896,35999410.4745674
3897,8131958.93282005
3898,11637146.3566305
3899,335545689.621357
3900,10275475.9501073
3901,488641.386708562
3902,352179.848109549
3903,6398326.25955132
3904,3993344.85415367
3905,4879247.52353323
3906,58916011.4273508
3907,1935661.23234285
3908,6748748.82936911
3909,337850.413056641
3910,11639961.3217533
3911,495709.426844043
3912,7979482.39793687
3913,72193872.4047074
3914,26372695.7514941
3915,237369088.278681
3916,591285.232100448
3917,11395282.6178611
3918,2393769.69401513
3919,62055122.6656558
3920,12575273.3323045
3921,1093016.7817777
3922,14417848.285461
3923,33662813.9509191
3924,26493006.6443169
3925,198662179.014891
3926,3566115.91283993
3927,57791876.0344261
3928,72121390.240362
3929,41298702.4600374
3930,627900.362806344
3931,626069.147702571
3932,11815680.9509587
3933,9592035.71924997
3934,55454397.828828
3935,126.600636613302
3936,1512133.42870981
3937,119193364.031332
3938,2914088.07108024
3939,19125890.9653195
3940,1372642.17761783
3941,17857949.6770083
3942,139596978.372779
3943,695370652.340166
3944,14889850.4503923
3945,26926885.0884432
3946,5556276.16672559
3947,28256449.0529123
3948,4290295.09971564
3949,15387961.8765904
3950,736478.913783894
3951,13537084.4530709
3952,34759048.7399357
3953,29436104.8295334
3954,396079053.048815
3955,4932717.03763091
3956,38828120.9787094
3957,2225039.38670938
3958,1753609.57095836
3959,3510002.82731921
3960,796727.541268928
3961,27648664.5230486
3962,2572619.09980779
3963,9373307.25152357
3964,667326033.353579
3965,29860823.7007592
3966,2893715.17364292
3967,279523535.375831
3968,35477912.5504833
3969,5673.15863105971
3970,27648980.0859729
3971,17251186.0901611
3972,14814535.7704853
3973,9738594.94733905
3974,96036.8615392927
3975,93494205.7486332
3976,58356106.4817844
3977,64095653.4552425
3978,122887654.955103
3979,7232422.46724701
3980,1753991.95708179
3981,197583.054314921
3982,4604498.90512375
3983,24317626.2310582
3984,36785950.3358321
3985,1610425.83829182
3986,694625717.389532
3987,17610614.5324685
3988,3155773.35985811
3989,15517130.0719151
3990,15567477.6427569
3991,1100851.69661428
3992,2213438.31308943
3993,5326131.54272709
3994,31105738.1537659
3995,14791483.9427231
3996,51302622.9329336
3997,9187087.16148941
3998,75783674.1043276
3999,24979202.4790177
4000,13218161.7171502
4001,1608905.77969811
4002,71524091.1877687
4003,113084.217604045
4004,48502859.4543707
4005,270974.061004718
4006,17467748.9392959
4007,479847.780705915
4008,3886329.88699567
4009,13458497.9805941
4010,1292572.48378532
4011,10251684.7831221
4012,137825302.005717
4013,46969051.6942892
4014,389136.689916931
4015,44912172.0344472
4016,8175787.88741267
4017,5141719.38306082
4018,21708282.4501908
4019,89018383.4859741
4020,6118040.88360813
4021,80743823.2822729
4022,35236586.9682241
4023,176030906.49867
4024,19575016.3034107
4025,604392.626602683
4026,54420269.7576742
4027,26766053.5258041
4028,1355077.65692811
4029,170895.331110009
4030,18818716.55533
4031,53621396.7964197
4032,367061.15409335
4033,313158.454807685
4034,1962854.77550536
4035,77760335.3519143
4036,5723922.34302373
4037,17751849.4172111
4038,4479176.93633467
4039,11916750.4490976
4040,2886790.03046435
4041,119565.083810926
4042,41165500.4145982
4043,1668398.92902097
4044,50733682.4041419
4045,24723053.0003157
4046,6163305.65747108
4047,359709458.03346
4048,2742091.59525968
4049,215675.693866291
4050,1903314.98881765
4051,421137215.063579
4052,3030179.15451749
4053,1497351.02236074
4054,621897.577386705
4055,1360777.92563513
4056,5841706.21312801
4057,166538.236841019
4058,9172757.53563145
4059,3062223.3758793
4060,44974541.2784575
4061,105643214.820938
4062,17755419.5142317
4063,9262755.36264952
4064,73035129.4878332
4065,39463258.2364848
4066,4845339.27268271
4067,23943902.0277286
4068,4616076.49018944
4069,28864666.1641788
4070,13690856.6666224
4071,10958914.5672605
4072,18551247.3760997
4073,132318960.885568
4074,407691.337751807
4075,19469727.7442984
4076,20387048.5926646
4077,204683362.020342
4078,3656600.76613084
4079,80856228.9368703
4080,6097714.6157507
4081,7921761.44463034
4082,170103758.452392
4083,38948481.103566
4084,91241.4815687823
4085,7975652.77885971
4086,79844799.5081
4087,3329139.13921416
4088,41120540.1323528
4089,14032170.4761453
4090,2560953.20927093
4091,8532519.53754128
4092,26216197.6176698
4093,15288174.5944486
4094,4864426.84073889
4095,138828388.861076
4096,9853040.21098198
4097,53266511.3287986
4098,4071420.38155749
4099,1507500.81203642
4100,31916404.7176237
4101,31337858.693356
4102,910870.773712398
4103,28228720.7136271
4104,3084819.0663842
4105,640984.580861691
4106,1602966.07450748
4107,1592203.99559878
4108,24098488.0218618
4109,637843.06552632
4110,21244259.6599357
4111,3633773.32817885
4112,11138248.1639603
4113,3250557.15873829
4114,48894468.8197931
4115,1746829.99794226
4116,6139849.50901393
4117,4888900.0719796
4118,16577952.2868271
4119,19664576.895901
4120,608799.226913541
4121,2057031.27660087
4122,76591836.9336125
4123,3524769.65787376
4124,26953268.4224485
4125,8810197.56149635
4126,4912974.02617747
4127,6124053.91516696
4128,21734627.9489119
4129,1165178.09659942
4130,2513596.29853297
4131,97412991.1242254
4132,51450445.5006303
4133,32978516.1766858
4134,5994258.70700268
4135,18469528.9647449
4136,387561838.775942
4137,7427822.97882134
4138,7359294.32336663
4139,4070949.49341125
4140,1383890.01696123
4141,4475959.82555756
4142,30756864.7710844
4143,29828160.9737075
4144,1683933.11974698
4145,2741118.5273754
4146,1773780.30656132
4147,226261.358318825
4148,5869564.19005665
4149,3912217.41953184
4150,1544324.91262568
4151,677174.182012511
4152,12271829.5442607
4153,11802932.4493971
4154,1620098.50373999
4155,5244738.87103533
4156,3329875.45788615
4157,1438695.6901909
4158,4343913.16437769
4159,29650500.1680459
4160,107055191.744722
4161,17204972.4618076
4162,13262436.7513109
4163,98588520.5896675
4164,6919948.14736498
4165,4327288.2891251
4166,34722970.6075811
4167,2673234.88010246
4168,1706030.74470836
4169,620430.723398377
4170,4757630.43091587
4171,97866082.2123902
4172,32323736.2298232
4173,1647721.29215873
4174,3574545.38195278
4175,1586062.20007027
4176,8470603.65995985
4177,83735.4399931178
4178,343705796.632569
4179,1433457.32171201
4180,93751131.5990663
4181,10533003.7152233
4182,1482218.54450344
4183,46593412.322491
4184,12500052.5798101
4185,1905852.4244927
4186,6330197.99036429
4187,9642231.19514674
4188,3379952.09190347
4189,102226.830673509
4190,256386.7463824
4191,1987875.7028927
4192,77689.3071775807
4193,149242536.755267
4194,103806376.070333
4195,5914368.20770083
4196,660.570644350369
4197,17802877.5218022
4198,662978.153617521
4199,4660208.69952331
4200,62325702.7421473
4201,25978727.0373864
4202,3476836.73915979
4203,13416459.0804438
4204,20621184.2585698
4205,7041266.93199178
4206,6380691.54749611
4207,350695522.672946
4208,408232870.815249
4209,6902247.2492663
4210,77659299.960982
4211,24896693.1503623
4212,286917441.348061
4213,611187.849164563
4214,21736476.7104773
4215,2704296.31409382
4216,1060474.82314274
4217,830542.759706648
4218,25950964.456052
4219,11375741.9930007
4220,6168136.3960521
4221,30.7812812699999
4222,175.531701512877
4223,23726559.6334858
4224,4801556.98667623
4225,15449006.7356141
4226,12084096.3564654
4227,20049696.6651716
4228,82105.7046810926
4229,45069628.207354
4230,16332170.8207335
4231,2965075.5927067
4232,16511688.2615112
4233,50352223.2066198
4234,10092220.181627
4235,2772582.47875106
4236,3069907.41885775
4237,235792.186365242
4238,16784385.6170848
4239,48110868.5565954
4240,125668786.611404
4241,132665932.333416
4242,4273527.11478248
4243,1052397.55809266
4244,61013875.2615453
4245,2590924.72374257
4246,1377672.77203262
4247,21729350.5593361
4248,4942644.41921737
4249,9572232.88532601
4250,4634691.11043696
4251,1604420.73413136
4252,11412950.5194904
4253,57178254.5904134
4254,28882167.7044158
4255,14901451.860699
4256,208437717.51847
4257,80971907.4207217
4258,12382739.5788244
4259,775188.04085751
4260,132502377.807268
4261,3723322.21993633
4262,418126.410691727
4263,2254787.44578602
4264,252100310.88637
4265,11067350.9616049
4266,29945297.8860811
4267,3776012.93032683
4268,7438894.70019791
4269,5691217.98214753
4270,331878694.306095
4271,30516033.0354923
4272,203346.388652705
4273,31303527.9662634
4274,27979024.4898556
4275,6368069.34528735
4276,24772813.9993296
4277,21877709.0467979
4278,26405261.9245013
4279,17891894.6265912
4280,895892.078172776
4281,1822335.8960333
4282,33180229.4257635
4283,150008.322063691
4284,5250809.90229026
4285,13.0484378028944
4286,288663107.723088
4287,8098333.47725319
4288,49390307.4608731
4289,42954992.6490832
4290,32584894.4297128
4291,6631672.78810738
4292,1865631.34658569
4293,4057852.43518995
4294,99018975.2260459
4295,117889171.830575
4296,13485105.2309377
4297,75756476.7970935
4298,4568899.34180762
4299,14122651.1421094
4300,24083814.3132488
4301,5413076.24775629
4302,4470018.97725156
4303,4025272.62868565
4304,14317023.2655179
4305,7571015.77106827
4306,4738597.09849322
4307,184852.700821559
4308,990260.707944865
4309,13632361.3986021
4310,2592993.03844191
4311,673158.347981708
4312,55765283.9565201
4313,97978120.3483686
4314,12515533.2811758
4315,136881443.218408
4316,151429929.4972
4317,1635465.01446078
4318,27755825.7367734
4319,24.9308497426409
4320,8448478.51161201
4321,60780788.8316782
4322,1415342.42574024
4323,3574445.93627386
4324,24728917.5478244
4325,1304562.58553093
4326,27110461.638759
4327,23427760.8378316
4328,2504758.80513315
4329,81896.3700784511
4330,406951396.519937
4331,24183613.4331345
4332,33934716.4785145
4333,3127330.19274417
4334,50234879.2781583
4335,42498843.7568956
4336,30778457.3423669
4337,194124.013577064
4338,177410205.264027
4339,49077535.5067021
4340,3376816.50814755
4341,13842583.4261333
4342,2179612.46529508
4343,30868150.270184
4344,1329875.21542672
4345,3777250.19407379
4346,41076026.1123409
4347,78566056.6337468
4348,681419.020707433
4349,151784257.817103
4350,6244755.03681276
4351,105880382.371426
4352,1598753.79416618
4353,92684673.8811024
4354,19328507.6678842
4355,6587093.40550584
4356,2924906.1227092
4357,7807645.88100372
4358,2584023.40803436
4359,8492936.3785485
4360,26270969.3371556
4361,30377794.6221473
4362,3187088.85963135
4363,38688639.0421559
4364,22904755.5913181
4365,3123369.77350036
4366,10861289.535333
4367,24954870.0667986
4368,35451812.1740816
4369,19120564.8787605
4370,77587719.2250929
4371,5740299.9025091
4372,11211855.6996937
4373,26203313.7514245
4374,26243072.1281346
4375,3464262.95178288
4376,124063.592920242
4377,13884656.3030545
4378,14741123.3409858
4379,79198779.5210643
4380,52421079.2486089
4381,66218152.0667857
4382,63549897.7897886
4383,152936483.589062
4384,23225564.2502321
4385,1207092.08403619
4386,25395511.6326416
4387,18320787.0146897
4388,16322305.9865383
4389,150156994.085345
4390,4465664.17922614
4391,587355.197514528
4392,61064219.1666887
4393,30454314.1776243
4394,13917082.6316344
4395,25204120.6753179
4396,48934453.1467428
4397,30414735.4813697
4398,122280143.339975
4399,206437.846852853
4400,1466601.63381191
4401,9498583.61891502
4402,2742749.48853521
4403,4268140.13472697
4404,19872380.8004811
4405,6828484.63920815
4406,708061.842852373
4407,213117.65550118
4408,788600.532894937
4409,480285.112314501
4410,2474436.23972435
4411,3917012.42910157
4412,46829626.8009531
4413,44423228.4570961
4414,5130346.83746011
4415,9522858.35444153
4416,259766.646952055
4417,134237641.484714
4418,748879.578789706
4419,23524324.2609859
4420,274965949.008223
4421,924680.971572354
4422,3667227.03816643
4423,4336903.70110886
4424,17.671157733778
4425,9384474.01647603
4426,25331877.3763604
4427,29637489.6053839
4428,696355.611348234
4429,748677.302969913
4430,252293.412625967
4431,421946.084774098
4432,76517265.2206125
4433,131611420.316476
4434,202806300.559025
4435,17600321.5422181
4436,21326656.2037956
4437,2569160.4174135
4438,2187968.89062494
4439,8349828.37625374
4440,236825.240532875
4441,20274332.498135
4442,599548.657428701
4443,177001.399332127
4444,2196318.0004592
4445,10455305.0256349
4446,438153.291716926
4447,83494898.1545278
4448,13136708.619774
4449,2318462.24194948
4450,113887248.977128
4451,347284803.809902
4452,21676273.7104701
4453,953659.052956067
4454,884438.796670081
4455,2302266.18371196
4456,47594687.5549049
4457,810898.514289595
4458,250096.599370827
4459,38188864.1091286
4460,116.914777372961
4461,50838194.8248307
4462,42824336.8942725
4463,1701190.57580676
4464,40277461.2189227
4465,1176912.2227887
4466,1028875.31062503
4467,12830734.3655993
4468,403018.954845422
4469,7380954.59840917
4470,23942591.5487372
4471,291634.926147095
4472,86051502.1061643
4473,10870948.281611
4474,11345339.499289
4475,3459941.29293283
4476,74285.2553449824
4477,22430250.5176882
4478,2177825.38037295
4479,1032583.30466883
4480,66832848.4974079
4481,5550593.19118172
4482,4083144.01326077
4483,1815128.22410126
4484,1207817.12438464
4485,25013119.3616215
4486,3193771.82114863
4487,14256962.0821867
4488,46083709.4317997
4489,13926496.5355616
4490,1003232.00350767
4491,100599891.326056
4492,2280470.0444541
4493,4117828.60935997
4494,11833618.7912167
4495,1427483.43814189
4496,49864522.4691365
4497,13263693.450914
4498,7725354.94633281
4499,700586.936440369
4500,21428591.5801263
4501,87997181.5819419
4502,3753802.59693521
4503,319026357.093987
4504,2997938.04804362
4505,1223497.33050856
4506,54218239.0442032
4507,1122123.38046646
4508,703811.938081047
4509,7838783.89299725
4510,9682969.79325212
4511,101409805.563977
4512,324501.794928676
4513,21791382.1810249
4514,5608299.12289113
4515,101363994.897497
4516,4695879.41596999
4517,1713256.4486808
4518,49438527.3268122
4519,67183098.1191995
4520,1808726.2179457
4521,15048266.2063661
4522,45456982.6446129
4523,7428017.69706077
4524,3109963.94513853
4525,7199005.88151343
4526,5264354.00391262
4527,11151196.4720886
4528,1726306.54661183
4529,3470737.58710246
4530,5763502.5399204
4531,4538007.82085991
4532,8337311.11522295
4533,33191835.8598875
4534,1498628.20887694
4535,46090567.9818529
4536,6551741.38252221
4537,1563902.15847903
4538,7342163.89589945
4539,659011.175550914
4540,59786185.0741068
4541,2156553.20390793
4542,43162350.5744241
4543,12967245.6818288
4544,8394310.28579097
4545,488065.044653933
4546,370443.443414375
4547,1501665.40081186
4548,4496508.74475565
4549,959403.548895771
4550,16851518.9139922
4551,726665681.965946
4552,52236176.3583796
4553,952812.081416119
4554,360324414.990251
4555,1473562.90940273
4556,9058761.5768797
4557,11344942.3219396
4558,2366024.03807815
4559,5772336.94948208
4560,52014695.6646335
4561,19107995.2090479
4562,834712.079230928
4563,136307611.444662
4564,450404.870698141
4565,715292.153881208
4566,22158162.5847432
4567,19986679.0527226
4568,12424097.5903985
4569,340199.353949523
4570,2676342.68437027
4571,356141.319739011
4572,25863712.5132275
4573,17061732.2863905
4574,343156.740688936
4575,1343641.23258488
4576,6615150.00453722
4577,5094196.13739757
4578,5606443.06350442
4579,5752697.87657086
4580,31132359.745825
4581,1602481.29877668
4582,52135365.7026299
4583,54486531.338857
4584,4670146.05070907
4585,79224885.1267867
4586,5477896.13235397
4587,30625237.1435772
4588,162558570.889549
4589,2371364.16421876
4590,1011705973.88574
4591,46024743.9532066
4592,5126970.39278419
4593,318667.797446884
4594,14382604.7926117
4595,310376530.479806
4596,349299492.141249
4597,8185767.03194243
4598,89584898.3233577
4599,11126314.0880015
4600,3224980.47276174
4601,36253181.3860275
4602,34595297.3431344
4603,7545037.60760693
4604,18241615.6012856
4605,92434505.6064593
4606,134524531.042736
4607,25742627.1021414
4608,5346930.65714823
4609,10356011.2187818
4610,105022198.067532
4611,14889183.5383046
4612,9900794.74726313
4613,10199380.4063537
4614,29272553.4847339
4615,4170934.221287
4616,112639.081196699
4617,17482086.9438128
4618,1405535.97209848
4619,7249177.46671296
4620,1585494.14635431
4621,158757296.951189
4622,10261192.688395
4623,6842736.57512811
4624,70.4566517279776
4625,2017820.29493486
4626,7325413.52294064
4627,21640211.8863452
4628,5979523.20663915
4629,3073488.81009577
4630,5377307.92288928
4631,5732528.48750942
4632,3235737.36863352
4633,773128.247177925
4634,292061.013371931
4635,284872.330103617
4636,59921741.6053749
4637,5536111.41660324
4638,6724513.99213623
4639,18.5881139520291
4640,33948913.1846548
4641,5002409.92000407
4642,2782277.7478115
4643,8179084.0047393
4644,2152178.90896178
4645,195.074601578271
4646,724820084.854833
4647,1025089.13546027
4648,907397.655705597
4649,91226069.7142078
4650,72921169.5475949
4651,38381246.1736826
4652,69281394.4508042
4653,202797.762205862
4654,52724473.126793
4655,22792899.7445015
4656,5717394.57094699
4657,2168767.12052447
4658,16432851.8700495
4659,4037167.66275669
4660,3506006.29237384
4661,16786432.9189395
4662,10728594.8083273
4663,46749779.6780841
4664,8272440.07915067
4665,29220997.5585927
4666,6046262.22719445
4667,114355882.178802
4668,4879475.51184673
4669,39190267.1773285
4670,16271683.3953797
4671,7497353.95209254
4672,449651.27837726
4673,1674627.03016792
4674,1963260.72474512
4675,2183007.97818859
4676,13043223.3639527
4677,65621.3659593532
4678,1502283.76066044
4679,62490.3110431477
4680,837160.72149881
4681,17094841.2696053
4682,3814900.83658986
4683,3823158.81560295
4684,1034068.84656066
4685,31780681.3492607
4686,2591503.44024547
4687,7955411.52603544
4688,29830798.7382451
4689,18595229.0432872
4690,6351522.52326451
4691,11925603.9295658
4692,6358125.62791628
4693,3656971.89806643
4694,5788684.47279241
4695,10763303.8238091
4696,40328829.3841226
4697,59873795.7788039
4698,482420.629703442
4699,1014693.0012134
4700,125551416.25934
4701,143963767.843291
4702,3706753.75474931
4703,11012372.6578173
4704,51385693.7056162
4705,41292518.7968996
4706,12537959.3589958
4707,272653.678446047
4708,15449169.3616552
4709,63.1138674175563
4710,199701176.416741
4711,8054611.65249826
4712,1073615.05352518
4713,212638745.572905
4714,4315895.51194714
4715,259986.88052226
4716,220166.239698316
4717,8112346.91407074
4718,4593655.5777725
4719,1917.86192190334
4720,4166413.86533724
4721,960580.740411408
4722,48780271.8159217
4723,1471227.50737479
4724,95067347.4498478
4725,14095602.8605207
4726,8308728.51198833
4727,9380113.74052131
4728,12863045.4732209
4729,43889185.4705628
4730,636205.295607982
4731,39611437.6814088
4732,233374265.913771
4733,227216.7829761
4734,211663921.835131
4735,8648833.05510677
4736,6818834.90150649
4737,40466664.783877
4738,3520081.35264232
4739,66329361.399649
4740,326515962.783725
4741,975127.979785766
4742,79440299.623575
4743,36513.3260818473
4744,767206.214910578
4745,103082303.024375
4746,29141521.6238875
4747,18831827.3233826
4748,26188540.1956459
4749,2686410.02204955
4750,2315105.88627421
4751,13255207.4221678
4752,39059492.1370733
4753,5317227.05720704
4754,659318293.274636
4755,4124350.71895765
4756,15398280.1328611
4757,95334861.8983018
4758,51767442.5652067
4759,205550413.969191
4760,747450.186900136
4761,8982692.49845874
4762,8266665.30368162
4763,792228.080570109
4764,422007893.320271
4765,20477114.4447809
4766,101466868.767902
4767,13241967.600768
4768,15440046.5182402
4769,5143749.47622507
4770,64156568.7677149
4771,45183551.4178921
4772,2641825.87152967
4773,6007278.78706657
4774,5973758.16049217
4775,595096.261966324
4776,219862.894579041
4777,125822966.306808
4778,30525043.3341458
4779,6751281.68621099
4780,107358900.40493
4781,618689.774746373
4782,6234322.86339886
4783,3058722.13340029
4784,6728885.31606413
4785,9766834.19374716
4786,53155089.8534274
4787,71253908.2841802
4788,14618235.1053211
4789,2145151.58318576
4790,38293338.9083147
4791,2117982.10822888
4792,840450.481318166
4793,12830931.1499178
4794,4391424.20536776
4795,3591225.98108128
4796,5794220.08914835
4797,563534598.968447
4798,68745961.5548121
4799,19812033.0766847
4800,18798073.7925935
4801,539264.968440321
4802,24063548.4545833
4803,1335087.47436527
4804,6472741.46659012
4805,238391.675313005
4806,1431036.91379494
4807,881349.893135084
4808,1304116.02959167
4809,74363196.1506854
4810,56688.683876797
4811,2089224.34669785
4812,95545030.1390061
4813,57293043.9543512
4814,345379.856430589
4815,24832641.2077064
4816,14848178.9734854
4817,2603968.42562722
4818,2981311.49057172
4819,4934232.81757968
4820,22936765.5317679
4821,2249574.90073595
4822,13.6337452827532
4823,3588350.13272874
4824,14544572.790008
4825,32435113.3059995
4826,11976073.7112818
4827,57200955.9863553
4828,5743601.61409419
4829,250.982233873013
4830,5344580.79650129
4831,10651748.9644943
4832,1011748.93813609
4833,5438481.27684051
4834,3719139.01212245
4835,10250916.1471459
4836,4445286.91039471
4837,184018278.19898
4838,25588902.9330686
4839,15.2674291385944
4840,217149764.299327
4841,118660.254106557
4842,3434188.38773468
4843,80060629.3085444
4844,948392.24761981
4845,9275159.61155989
4846,2212932.06317582
4847,244393118.540327
4848,35945940.6750355
4849,259031203.353009
4850,39391214.1051938
4851,230246.42241179
4852,3549076.51883025
4853,10232122.0932218
4854,11881374.6023314
4855,41921525.5056026
4856,12619882.2994509
4857,3514490.02778631
4858,5001033.64675094
4859,2512594.60075274
4860,300683464.205527
4861,61104136.5260633
4862,101364451.187682
4863,119067751.458411
4864,36663047.1426512
4865,18244769.1113854
4866,23718211.2128031
4867,48040873.3823536
4868,2034831.30336819
4869,547302.755517612
4870,11323640.3314838
4871,28759393.5541211
4872,3339672.21817162
4873,6023334.62688452
4874,83070422.8576975
4875,29019319.2883986
4876,21683773.4128054
4877,8591205.26673726
4878,39668123.1608296
4879,3933868.93494644
4880,9363163.7820098
4881,2956964.75415937
4882,8163572.52228474
4883,35726639.0786007
4884,24886747.9498212
4885,15870039.739212
4886,23231935.9298409
4887,1223728.06917198
4888,6610495.10834614
4889,2464709.48473813
4890,88300171.4416411
4891,292622.059087936
4892,3951900.83436713
4893,49304310.4268764
4894,2379964.19783133
4895,3461962.47291254
4896,15660197.183155
4897,421933.601173937
4898,137346096.766189
4899,53882655.6877943
4900,152890064.206458
4901,39124811.3974642
4902,2018343.3462941
4903,75.1780576220346
4904,197406553.586962
4905,5801639.40395238
4906,227764.629764749
4907,265592668.650739
4908,1564782.32030468
4909,53981343.6411293
4910,30734577.2051092
4911,22487296.4580732
4912,10475378.5022432
4913,8463973.05431478
4914,37081429.6575786
4915,45037059.5005445
4916,41069057.0324921
4917,4768420.62712906
4918,106113364.188157
4919,16940995.6157614
4920,4579597.7733568
4921,14350781.1378189
4922,52652792.7236751
4923,984060.414143585
4924,62581921.6785105
4925,63693306.7443723
4926,493611.925354888
4927,32940425.8940926
4928,9584304.71581165
4929,1197325.15259882
4930,15806153.9636392
4931,4793279.8787306
4932,668224.861232038
4933,85574773.1795215
4934,2256850.96602593
4935,460001930.322706
4936,14972263.1300643
4937,1012040.64519873
4938,35018445.9444004
4939,421458.625167468
4940,797428.146080322
4941,8100109.02793828
4942,1764489.26422099
4943,63824034.7167239
4944,28753705.7331262
4945,4841963.48625129
4946,1897633.03083119
4947,1026534.78984133
4948,1275233.04266961
4949,5252517.75138254
4950,52122850.7390658
4951,8037598.89213343
4952,4756414.43004734
4953,45084533.3869665
4954,14884183.2136642
4955,1094306.58043087
4956,3430409.06987264
4957,3910714.74535749
4958,3165645.98328155
4959,2000089.9153807
4960,5052823.82598456
4961,84785135.0092162
4962,4878079.57495543
4963,683448.674865544
4964,3099014.04593516
4965,526499.719218839
4966,6333472.46575501
4967,32025184.4822343
4968,3594438.41897338
4969,42.126331607201
4970,1214308.02072366
4971,50115508.4469561
4972,2146504.03169811
4973,4261018.28229811
4974,92449478.2442729
4975,5002934.34814522
4976,545614.750552301
4977,50219630.1678888
4978,1410500.38610034
4979,3605536.12437924
4980,3996616.04264415
4981,5584274.00987259
4982,31027778.9702596
4983,83.7858641839761
4984,39485247.1821637
4985,228895668.525093
4986,588924.332207601
4987,2043741.48877135
4988,733298.832208587
4989,15179833.9335326
4990,255309.404631902
4991,9814287.00755208
4992,123331326.142134
4993,4754208.68129322
4994,51092846.0620716
4995,252357.78635596
4996,11401101.993809
4997,46698371.8147321
4998,7293249.87820178
4999,53144527.2086656
5000,146628191.018462
5001,239908405.902443
5002,154168587.716585
5003,51767867.9417161
5004,8439880.16976977
5005,13169767.777997
5006,171221808.904556
5007,23788867.1004741
5008,170900712.463702
5009,18878135.1746479
5010,526827.689010878
5011,5639013.36788106
5012,27606894.5146153
5013,9910221.20159749
5014,30230839.6182415
5015,29811176.4486731
5016,74078885.5627359
5017,6693248.60148098
5018,15865276.4256593
5019,30764341.4209793
5020,12500064.6133583
5021,18.87564771264
5022,31605175.2514665
5023,5780094.59908499
5024,71847057.1109517
5025,893707.462937848
5026,32861905.6948385
5027,22497094.1012103
5028,52639363.198803
5029,29732045.6644556
5030,18362541.0417262
5031,1840286.76948734
5032,118565468.141056
5033,755529.458121486
5034,1676213.72063327
5035,15.1342144738623
5036,9509386.12835349
5037,9180717.00498856
5038,44882534.7476875
5039,571651.925784865
5040,14281223.8816758
5041,18348363.306829
5042,26666456.9513236
5043,3343525.8693855
5044,171425843.789274
5045,3041119.01269529
5046,1613527.52099841
5047,511572.151468257
5048,543222.007980698
5049,59650278.6341801
5050,339550.686179675
5051,68079047.5049476
5052,133317756.671775
5053,11865588.2337445
5054,26811171.6390898
5055,9659803.58525279
5056,5414939.87300149
5057,32884582.5883807
5058,616771.530747313
5059,22358612.4140554
5060,92080522.9649038
5061,16910873.8542699
5062,2426417.24354412
5063,20.4383280671739
5064,48756122.9508623
5065,3283090.74367732
5066,8034434.66842682
5067,21208401.9918963
5068,5387832.60755619
5069,43941313.378642
5070,3603755.72335681
5071,29256199.3170637
5072,81696804.6959252
5073,7277585.04990935
5074,3849271.36764365
5075,1549815.18693436
5076,17762188.6949837
5077,84880034.897907
5078,13057619.2916639
5079,4921993.84174754
5080,23927525.6252911
5081,33457859.6339367
5082,5761576.76360217
5083,220310.471087633
5084,8045775.05727309
5085,675163.88179864
5086,3435826.2415253
5087,1924787.19046834
5088,4969502.87046161
5089,7220486.69954765
5090,2083354.06949804
5091,6335586.28146844
5092,11986206.6423185
5093,13626320.7140681
5094,28987912.9378728
5095,91452106.9788942
5096,9598243.24816301
5097,677225.307716537
5098,788900.158871747
5099,1751689.08399948
5100,5122046.8218805
5101,651194.550166554
5102,411.255080620286
5103,931539.15036157
5104,7254079.98362541
5105,2683809.06307647
5106,1534575.11790324
5107,17043593.5310558
5108,15853599.5695588
5109,818356.818868122
5110,47941213.7873935
5111,45750008.4947997
5112,5843254.59831022
5113,271402.552364596
5114,11466702.7863916
5115,1386584.18910368
5116,6545985.03049401
5117,168220407.349322
5118,3353584.1850775
5119,53.291078549727
5120,465717.243672426
5121,39714401.6224337
5122,7274234.05616747
5123,39903297.3662221
5124,1768407.35901444
5125,12147894.6677497
5126,5037195.46612167
5127,32296492.459027
5128,250976.648338659
5129,755226.997940418
5130,22718582.9573188
5131,10349909.95162
5132,16902106.7804816
5133,87840038.3292115
5134,53154300.3307396
5135,137298823.373522
5136,5679001.56873262
5137,72730620.4438627
5138,4745945.40342447
5139,128665078.844437
5140,69225117.2389308
5141,23895581.6865816
5142,143922498.220593
5143,33726646.4450205
5144,54880370.7862604
5145,7607325.94818182
5146,819631.464432075
5147,3427920.49417031
5148,33718706.4720539
5149,1398283.60666755
5150,424769738.158761
5151,285266002.859638
5152,84283244.2696013
5153,14068974.8548969
5154,9841434.13655367
5155,747183.144855803
5156,539479762.857172
5157,2663024.75128934
5158,228978.529794482
5159,56642963.4052762
5160,13997220.8664312
5161,1939448.06462989
5162,72819694.9257006
5163,69300562.7966809
5164,884549.937454776
5165,16079534.0274135
5166,95897820.4838679
5167,2367318.78764652
5168,13320828.9264591
5169,7112902.58065507
5170,8635567.81448097
5171,72825815.7059691
5172,4803580.39562455
5173,33340473.7557355
5174,33375381.2412113
5175,1161117.34017868
5176,5492685.6110314
5177,101152345.447929
5178,364468108.712118
5179,1941536.60444246
5180,7032935.91043092
5181,574072.54696138
5182,7326852.52440011
5183,2316639.92592006
5184,4817039.34139386
5185,6069952.00639
5186,1306317.92234476
5187,623764.032233672
5188,4443994.65352484
5189,15132467.5076203
5190,199764842.165284
5191,8359456.16453046
5192,66485045.8694816
5193,30284288.32662
5194,29566023.8176159
5195,162647950.623299
5196,42488184.7039285
5197,19901738.2032609
5198,11705085.6813756
5199,15407398.2942147
5200,5348390.55187096
5201,24392058.2307929
5202,3318351.37715028
5203,278369.748862928
5204,303681.182598264
5205,228158.681611215
5206,11285632.9086452
5207,4207884.22672296
5208,6455545.50205107
5209,35697915.4258055
5210,8565499.99267
5211,5941030.09370974
5212,4639332.27290708
5213,46122140.6391511
5214,36.3868295848523
5215,11232701.0007284
5216,43016167.8099508
5217,27.3514048984031
5218,2364091.35694556
5219,5034246.90123357
5220,41288714.5748992
5221,40.9596418542385
5222,438.635661289407
5223,37154632.9248995
5224,22.4500676641614
5225,226681.964688014
5226,13893921.5625573
5227,1358249.88560473
5228,10389036.1543404
5229,41821255.1370036
5230,16773725.4429036
5231,1050198.41706498
5232,811001.934228575
5233,459800.780701594
5234,28210450.4478615
5235,25857829.7477544
5236,80198126.4528988
5237,99796282.8429645
5238,4156452.04364123
5239,6612047.26354197
5240,63080696.9603421
5241,10135692.8344482
5242,5379059.78598187
5243,2878534.68252222
5244,51496051.3411356
5245,6859297.73253505
5246,8562469.86334727
5247,34144892.6707053
5248,531035.155115424
5249,37442856.0908837
5250,158619345.031346
5251,10407584.5639318
5252,151155.927762587
5253,1045362.05625216
5254,434688.463653654
5255,71720553.9742637
5256,23568697.6112698
5257,912705.43369914
5258,3322101.7567827
5259,17852849.6683246
5260,6777399.43619846
5261,32709457.834324
5262,1893216.62474786
5263,25201939.110656
5264,1784506.00469359
5265,4983800.42149328
5266,23609112.4416542
5267,565848.984298325
5268,5816671.79684711
5269,71153227.6111635
5270,10622099.4973853
5271,12095235.7344842
5272,54015515.6602479
5273,297895.054613335
5274,10880355.0454194
5275,25720360.0285418
5276,6475338.96700677
5277,1334419.53594124
5278,4829244.86124672
5279,4303020.54812809
5280,223338.567720766
5281,3283055.45679971
5282,16367540.4700832
5283,1561265.46687281
5284,7296545.55206689
5285,59401179.0953121
5286,15224814.4962409
5287,1465128.54318242
5288,1540746.70346258
5289,10301664.0745906
5290,121308583.517324
5291,404459203.786937
5292,63937086.8638396
5293,120902708.079545
5294,908660.360512813
5295,353806885.977143
5296,1557768.12927479
5297,15966960.3984705
5298,94405767.3841204
5299,1325900.89214192
5300,920363.597214659
5301,2551821.19775799
5302,19276140.054611
5303,3773738.72912462
5304,1859400.79041666
5305,2352171.13266209
5306,51393660.9894953
5307,163974683.872766
5308,375847.978622742
5309,309589.157375733
5310,82036151.3306766
5311,1191020.92272637
5312,125957812.529158
5313,423719793.679556
5314,43841337.8204007
5315,1763411.33984193
5316,2825709.12279202
5317,16930508.0795687
5318,7756766.59203331
5319,9744723.07908033
5320,23120377.9964861
5321,18828098.4785584
5322,80.2057734171691
5323,88134602.2156984
5324,27542877.162341
5325,2322707.69036491
5326,13099738.8422128
5327,57441959.8783289
5328,6899922.99238278
5329,3161295.88805946
5330,154317863.352318
5331,629943.333364418
5332,2227571.13657682
5333,28908744.966292
5334,7068433.86070989
5335,3266804.98662985
5336,6551551.16591356
5337,1063014.47824647
5338,12488450.846892
5339,4072749.83691373
5340,19934675.4026253
5341,129088022.806493
5342,45742269.7414895
5343,30365953.2223668
5344,50885916.8213026
5345,826305.209403097
5346,71886485.1401401
5347,794620.090320758
5348,3565853.78969005
5349,358818.470122126
5350,37.0067466498999
5351,59376038.0855661
5352,1577230.92385305
5353,2912377.35777278
5354,55178620.6572791
5355,61621562.7331176
5356,18977571.14459
5357,1670405.54029723
5358,18873638.170875
5359,12912376.7698958
5360,85913048.172629
5361,13452073.289874
5362,2045527.24645847
5363,18331120.5684565
5364,471387.484678911
5365,39096384.3456095
5366,41736176.1660035
5367,64028747.3974741
5368,1551369.98226327
5369,229420748.194526
5370,27964953.2625321
5371,30743715.6893192
5372,428506317.908524
5373,8931060.80015812
5374,48011184.8778003
5375,105011126.278849
5376,97929751.1655841
5377,1794353.91321102
5378,70.4787403241143
5379,13569753.8449296
5380,19962720.1961733
5381,55881819.6283022
5382,85124271.6917498
5383,365310.427362619
5384,197127623.993307
5385,53908696.9323997
5386,13067270.0470543
5387,1403145.60016597
5388,118680524.10783
5389,17899537.7399031
5390,7472900.17081609
5391,29409659.8616856
5392,863255.926144363
5393,35231566.0394066
5394,27770593.3829042
5395,18586269.0857219
5396,7027661.74058054
5397,2264995.80524114
5398,4914012.14713464
5399,256798.316649155
5400,2791645.16880952
5401,23582904.5238655
5402,24240391.9833976
5403,19045331.9347341
5404,387721.814794267
5405,8187472.42938663
5406,754574.733672726
5407,153841500.516462
5408,524802111.589942
5409,100557358.004558
5410,711576.786763669
5411,20138086.2123084
5412,205600.285888346
5413,1352390.28554344
5414,24357832.4011351
5415,55799225.1930175
5416,14058416.5178283
5417,77180107.284163
5418,514134.899001755
5419,796038.817750655
5420,9594281.81701701
5421,43754767.7771853
5422,74313288.6763297
5423,132797513.289771
5424,150853284.171696
5425,4965352.38542455
5426,1900200.64211867
5427,3038736.61056084
5428,3416175.87477138
5429,56588997.7748087
5430,123738892.587747
5431,10161513.9505617
5432,79075366.4847301
5433,13286569.5986527
5434,46050433.9817159
5435,9791483.96254687
5436,6928051.67024752
5437,23671665.9187436
5438,2884959.82552835
5439,2400905.46395802
5440,4211488.65399781
5441,3044879.79234856
5442,110907784.863448
5443,71577206.043962
5444,16737202.9349596
5445,18853633.0182985
5446,67713853.5028218
5447,4684691.31336349
5448,2556880.70654791
5449,68008337.0365338
5450,5428737.45085375
5451,9243118.69250559
5452,229114.285213971
5453,162768124.001223
5454,54866547.1195487
5455,13408923.3213166
5456,2588297.20380046
5457,30051527.0622081
5458,4500329.3210317
5459,5293531.24125346
5460,299727.80111461
5461,130138.05028642
5462,476989.443720817
5463,500947262.782412
5464,505822.294177901
5465,2019722.3842518
5466,32781076.1207935
5467,14520391.7351811
5468,125021459.205278
5469,34.7478865574585
5470,134411666.101309
5471,71724677.0176151
5472,69987047.1865024
5473,8620473.62747032
5474,8348710.7516445
5475,1687869.05812314
5476,1564672.27034288
5477,8850864.23899356
5478,39811896.5216615
5479,33098264.8180848
5480,8003775.17769655
5481,3521220.65220671
5482,3757622.44235858
5483,9176641.14668562
5484,96364156.9517407
5485,3420764.47141111
5486,7803702.38368336
5487,470826793.515077
5488,30179146.65552
5489,5741667.53594908
5490,2549252.76938055
5491,4495778.22051313
5492,5889206.95540114
5493,1966733.48229801
5494,77245.376675085
5495,10267808.2778596
5496,6460696.90828401
5497,20482757.7826151
5498,437925.505067753
5499,63988431.6128839
5500,28304895.0607049
5501,1620412.85797442
5502,7942914.21163497
5503,884730.038278331
5504,14499639.7218108
5505,494577.595809891
5506,89939001.7997302
5507,20420647.6978272
5508,117757572.087059
5509,108517502.487903
5510,9501301.40649985
5511,1565113.47199211
5512,64950583.0936311
5513,743804.456409183
5514,12909588.7671688
5515,872148.719367304
5516,1977352.8311014
5517,97134804.7014582
5518,3869210.07962213
5519,132365663.798943
5520,371505.629990397
5521,8574979.29838258
5522,135641.520703441
5523,314907885.723763
5524,306440468.576892
5525,32256261.2759846
5526,20254905.7513817
5527,305178.640956645
5528,23884888.2752909
5529,304881.604745778
5530,299066393.607465
5531,1086205.70949026
5532,3844301.97068656
5533,35649697.3576849
5534,102443615.396212
5535,1692999.33827721
5536,1626541.53888239
5537,7814039.27828341
5538,8317409.20793485
5539,186780255.958632
5540,25816590.4518865
5541,98464116.5727836
5542,469720.866691631
5543,7291888.80933895
5544,39167764.3793396
5545,17.4168615504303
5546,12317618.7991672
5547,21463564.5657668
5548,3295272.18950301
5549,34699414.1309792
5550,10611103.3360075
5551,9745550.55766935
5552,29162834.907056
5553,14208124.5500649
5554,8229090.96179889
5555,7263380.58178505
5556,3836150.89986759
5557,2769735.55645617
5558,505595299.777016
5559,3833594.36031781
5560,70169.774113753
5561,23027333.9150626
5562,62611168.4284138
5563,163055.282972734
5564,982269.135345894
5565,7636196.27343374
5566,5778377.62944479
5567,62816383.7821525
5568,16847484.2551883
5569,26671494.1559003
5570,17552898.2628976
5571,82752411.4988372
5572,1322449.14879698
5573,108694696.439648
5574,17791807.9288231
5575,62489720.5528072
5576,42901247.6036984
5577,17185007.7189916
5578,35192288.8211493
5579,4198473.33278598
5580,1666756.8821216
5581,13894462.2745146
5582,12795065.8900654
5583,38488428.2237781
5584,8172476.32141402
5585,1441882.51086991
5586,1059091.32435431
5587,6701321.02022175
5588,154042265.549509
5589,56065732.977076
5590,1092667.68797156
5591,4734128.50198946
5592,6989854.12137023
5593,9680375.18855957
5594,1266531.48545963
5595,41692324.5039231
5596,126850315.30095
5597,5183234.39799268
5598,1493134.14382051
5599,5485813.23608826
5600,4883592.10827271
5601,21291996.3565921
5602,31296145.1762892
5603,475653.286921184
5604,6356178.87571625
5605,107069484.208338
5606,56960923.6007035
5607,21562977.3933632
5608,12319136.4440168
5609,13350969.3630477
5610,12386011.1071257
5611,7745595.09774648
5612,353619375.060041
5613,11379102.2555662
5614,13377110.3241421
5615,27570736.3826141
5616,6479575.45774297
5617,129768732.139849
5618,13518044.218948
5619,46775210.7743909
5620,843641.613258551
5621,14629271.0900301
5622,10585991.0674163
5623,8621493.63453305
5624,345544144.266747
5625,1721088.13498574
5626,1242203.96956698
5627,90292116.7893411
5628,16893992.1485173
5629,172802899.970472
5630,22453997.9876805
5631,16506232.6516477
5632,29575591.4186676
5633,9629198.40602388
5634,4929656.61583267
5635,62506234.470596
5636,3807798.10004368
5637,8520480.12503545
5638,104304280.340263
5639,8193699.3583181
5640,1214216.09346943
5641,16661435.0354411
5642,8862258.01807687
5643,17539105.413069
5644,500457932.226742
5645,18753581.3908267
5646,11881626.637524
5647,2825710.23022895
5648,75155560.0601059
5649,935341.159622261
5650,94455994.0640171
5651,4964182.23053104
5652,276891.967895428
5653,30220015.6387432
5654,26468266.3011214
5655,11735437.8578185
5656,640141090.780451
5657,1326896.29903498
5658,36388819.5158102
5659,10827349.9962854
5660,90226565.3917562
5661,13218670.7566828
5662,294067829.281317
5663,5154025.38737659
5664,6973567.60584441
5665,61647746.740709
5666,9563545.19082116
5667,15876908.2350255
5668,3177830.04291574
5669,2411404.78266797
5670,420721092.929254
5671,13703272.6010133
5672,2080028.98181983
5673,34405297.0169005
5674,4480346.69022277
5675,845897.686056054
5676,461214.173454113
5677,85128665.8403893
5678,65373153.9170072
5679,753618.388467801
5680,21341733.3828282
5681,541496207.97353
5682,1911930.17853006
5683,343594536.668695
5684,64475471.8362689
5685,17038176.9388701
5686,474569.673089084
5687,25985077.7843063
5688,1519182.94266966
5689,25144717.6713837
5690,6759414.28812827
5691,28842576.4816814
5692,283708121.752271
5693,21006429.4782189
5694,13680886.9337895
5695,1347790.56789589
5696,39655594.9861609
5697,242991.642930958
5698,1300211.67266353
5699,1078577.453309
5700,22171931.5968261
5701,11289339.3413429
5702,18587870.2741229
5703,29200617.9333989
5704,23163895.0153355
5705,948183.205414057
5706,841686.814227624
5707,30652767.0900053
5708,2161824.41530276
5709,7332818.58105453
5710,1007807.44924281
5711,2388643.17630563
5712,76822598.4321053
5713,11855876.2279628
5714,21329258.456905
5715,1281761.08511565
5716,331513.414374323
5717,6949783.19702663
5718,569064.241349203
5719,19901383.6467894
5720,4233428.80165609
5721,24167617.0707654
5722,1774451.27853661
5723,8018341.02974855
5724,631166.819587283
5725,412058.482325292
5726,57707755.2648656
5727,131463785.146267
5728,15838863.3549085
5729,130323522.477791
5730,3496502.75872945
5731,142365.933032871
5732,3249790.59508558
5733,587351.518641011
5734,20651893.6253212
5735,2404039.2301448
5736,28432747.8331599
5737,26406777.2685508
5738,33035068.8434171
5739,15470920.3328228
5740,2091843.77945363
5741,18341143.7881654
5742,35020633.7895264
5743,9555462.78555692
5744,195254.872381386
5745,3016672.60082239
5746,6008187.06885205
5747,1059536.37106487
5748,79662029.1931973
5749,26597753.1974543
5750,58512887.4440627
5751,20264904.7192954
5752,1706480.05192518
5753,229254872.477565
5754,7810260.70470953
5755,71375488.2188862
5756,10495400.6043293
5757,3904088.70462151
5758,311565.529583552
5759,34670819.541381
5760,2893850.48935356
5761,451540.3332302
5762,33431795.0473741
5763,61137113.7014665
5764,2694310.74805746
5765,49274186.7143686
5766,7639836.67035262
5767,6015014.98548302
5768,29435415.343263
5769,130482929.502563
5770,4201308.91095551
5771,17867250.2149922
5772,9128929.11672613
5773,293541236.068307
5774,46513512.3325869
5775,43231719.0618685
5776,11358365.8389495
5777,122346510.118756
5778,110068079.648243
5779,176154589.948541
5780,2896043.84204376
5781,42343490.7740577
5782,28568642.3547815
5783,80425641.3877366
5784,1514071.89714967
5785,50835223.1631686
5786,5684264.18233473
5787,67645824.7714986
5788,3041362.13487022
5789,4114846.74784059
5790,60690626.1689498
5791,119275686.016695
5792,1737091.63952326
5793,5699647.46107231
5794,57802884.5553257
5795,83547467.1545559
5796,30175839.6839042
5797,31410780.313801
5798,203048.734041069
5799,149020597.743271
5800,334731.190222719
5801,2876290.71178337
5802,399381.949279302
5803,439807.822010205
5804,311970404.399695
5805,3487707.37779985
5806,18329865.6469974
5807,21886999.0427653
5808,19425939.2959683
5809,471746.275079358
5810,34.4050240569518
5811,812374.490692207
5812,43070571.3989766
5813,80552724.2947994
5814,10725595.885706
5815,1519937.48913445
5816,5228790.00397441
5817,900711.558492685
5818,5855490.53787271
5819,8464453.2992641
5820,7694365.18611607
5821,566436.7022139
5822,61218.9339420785
5823,26641934.7437419
5824,45603631.1394008
5825,10924866.3986251
5826,2369806.1739886
5827,1016951.04126824
5828,257058969.928695
5829,33451976.3040038
5830,24217147.8532607
5831,57131064.1730309
5832,32846683.7927192
5833,9198941.15337595
5834,8636404.32788856
5835,113359.456454403
5836,45334283.06354
5837,10070234.4643709
5838,619383.955317565
5839,37574261.7479158
5840,28.8999166446428
5841,60984185.248976
5842,10254091.3199096
5843,19863239.198956
5844,3450494.35564986
5845,1540981.74600893
5846,11987512.3255486
5847,34676262.8951461
5848,48045174.9328474
5849,622084.244860505
5850,41338038.285924
5851,4787775.92972654
5852,13349383.897976
5853,15806827.4839343
5854,27682955.5397432
5855,92976473.132923
5856,6439769.4920177
5857,507283115.816814
5858,283096.301789656
5859,19498741.418434
5860,72772356.4573949
5861,1680303.72706791
5862,33628698.6151436
5863,52992615.0788041
5864,368216458.046829
5865,924626.345069437
5866,3625992.14948974
5867,8059537.72176569
5868,18079114.7769527
5869,6435262.53322533
5870,215392.126180211
5871,7971392.89272643
5872,191136733.473481
5873,12074459.9085926
5874,2005964.09633339
5875,45216658.2788435
5876,42261998.3951027
5877,965184.572123435
5878,51884377.1752033
5879,1634554.0660418
5880,59155327.135481
5881,46374009.6105899
5882,214440114.385232
5883,12397013.100477
5884,19767043.8892458
5885,4092549.19341833
5886,10051544.8187375
5887,25662086.8133654
5888,6884714.69529808
5889,796184.218358472
5890,35534833.7270358
5891,38959822.3219234
5892,4285050.05587334
5893,2045668.95503981
5894,56174843.9243885
5895,17587248.6457723
5896,38824313.4475842
5897,792820.563091478
5898,24325814.9566274
5899,825258.732260277
5900,79879761.4015345
5901,264327.689414893
5902,22363750.4798744
5903,42455409.1257808
5904,18605049.1556955
5905,40768351.2939107
5906,41376696.3483829
5907,397964.759789412
5908,24367113.5739236
5909,3311036.66178584
5910,11405200.2209247
5911,3902717.53118006
5912,46152497.0044725
5913,37537437.912086
5914,15639057.8907336
5915,12370558.5703014
5916,40987873.1577512
5917,121323504.391742
5918,60421362.6297952
5919,39656516.1791073
5920,3694917.82544358
5921,6781753.70813023
5922,2769245.50858453
5923,4235299.91442837
5924,3313485.82398754
5925,315276860.467247
5926,445.485739556754
5927,18.0327225006594
5928,15098155.5826563
5929,307260.951810126
5930,38925026.2115687
5931,28582612.3685395
5932,790992.416361624
5933,4096560.28753
5934,12469095.6011627
5935,212543764.027686
5936,62198238.7625135
5937,1928775.24107813
5938,4821290.85254924
5939,16702551.0698522
5940,72603138.3856553
5941,1456961.58848794
5942,56202026.8769988
5943,12274486.5268386
5944,30593456.2015077
5945,5349051.24753376
5946,573610.431133492
5947,275958.039554092
5948,106376284.630298
5949,9541905.50288401
5950,117536573.880881
5951,15571664.984122
5952,2176663.66756727
5953,93028090.7656693
5954,8640050.24323842
5955,14007135.1075541
5956,35471968.3782413
5957,38867895.9892279
5958,33591740.6204582
5959,1298557.12480967
5960,809.573784403479
5961,2844740.05694396
5962,3955250.28595515
5963,19489223.5891182
5964,55580840.9666344
5965,23494613.6725104
5966,29253592.0177646
5967,193993665.977808
5968,32235148.6721838
5969,48268106.8944919
5970,5366434.22145858
5971,1292981.69816082
5972,594522.109085203
5973,67823950.4852119
5974,1287013.32500389
5975,9133741.41634073
5976,842345.939021552
5977,1200159.40919465
5978,303607625.217013
5979,4499523.27793615
5980,148466052.610417
5981,964005.499785733
5982,127203125.018926
5983,849461.867552429
5984,21634249.7149675
5985,15586849.2316451
5986,19.4263414675586
5987,1122518.63535655
5988,8410935.80460349
5989,908032.458871345
5990,107520501.310054
5991,1490545.3997998
5992,7417291.53438872
5993,47270345.9682206
5994,1496245.08846786
5995,15843420.2394426
5996,26307189.5424206
5997,6203345.57725654
5998,69330719.1691431
5999,223733.642401525
6000,3555066.28872877
6001,18745706.2925218
6002,3611006.33497721
6003,242612396.847945
6004,36140632.1337878
6005,3434803.70880263
6006,5321736.27217862
6007,6981282.96523235
6008,3350231.34990083
6009,67115747.8708214
6010,48137448.6231243
6011,2451954.07204416
6012,19532609.8696141
6013,101747777.997626
6014,71256674.3001429
6015,9232328.53002575
6016,10808836.5902241
6017,2390458.98368313
6018,12437044.4263384
6019,333180.066136294
6020,6591948.61271365
6021,7089297.61047802
6022,460647.358586487
6023,1887488.00533886
6024,353438.032318714
6025,11580545.404549
6026,89592981.7850233
6027,8264204.94252647
6028,106847902.927947
6029,2114231.92972957
6030,115029998.781225
6031,50868044.2157202
6032,199764.728896572
6033,17953247.4751472
6034,2716806.96646755
6035,239380087.393664
6036,1916558.74907639
6037,361049.892521745
6038,64904.907210331
6039,2361209.9596735
6040,24285840.7387069
6041,229572066.956919
6042,272824.715318886
6043,42448772.7820367
6044,8836285.18852168
6045,17394806.6734725
6046,430532.52182114
6047,4781711.80695859
6048,5546849.35326973
6049,2102507.89012085
6050,1029747.17635816
6051,1376801.72228175
6052,20590063.048418
6053,28.0146148781325
6054,2518813.3926158
6055,4728506.66724215
6056,19796439.9542905
6057,1123359.93744922
6058,11924595.4820144
6059,88627023.4202145
6060,17074393.7813935
6061,61221844.6123654
6062,4591060.79593924
6063,14400196.8411897
6064,718755.376714069
6065,31164119.4240141
6066,20163462.6867024
6067,11344244.8466445
6068,81334.5654350538
6069,97960915.4125402
6070,41387292.6248136
6071,4938247.33610903
6072,21056021.0758298
6073,20390629.7792197
6074,404268.013083935
6075,1032875.44574528
6076,70994351.6042148
6077,1687262.86557546
6078,64379623.8998974
6079,320070437.31378
6080,1902508.57855746
6081,470938.343171219
6082,531074.900535946
6083,112556486.722795
6084,19434948.5309354
6085,22796256.3817984
6086,2137429.30481528
6087,30334797.5488133
6088,8430760.16090987
6089,7101980.33644109
6090,228622507.567644
6091,917122.712872878
6092,826449.78240537
6093,20979266.5679824
6094,45408963.7162153
6095,18598148.3944659
6096,3069902.53390092
6097,27223032.2276282
6098,6258082.73457792
6099,30908760.5768782
6100,21255859.7613429
6101,169933300.543475
6102,15511093.5221986
6103,65910188.3727707
6104,16.9643503407467
6105,2159902.08628794
6106,198212.770373537
6107,108472.478685662
6108,4578241.54048517
6109,2021759.20395057
6110,56479272.0973639
6111,177292.693305484
6112,99049.5381984367
6113,10008531.3486559
6114,19473574.2096055
6115,147477627.761448
6116,755007.390449838
6117,21433436.4409991
6118,16297715.0145679
6119,28373599.3644142
6120,10634177.476467
6121,320773.739726884
6122,46543837.1226069
6123,499842.067497236
6124,1334436.73203777
6125,2869077.7959481
6126,12006843.5871444
6127,3643336.11684613
6128,101823854.817579
6129,11709019.2449179
6130,29.2859243256251
6131,8742401.10848241
6132,35105.8122845389
6133,7319098.54231253
6134,11797846.5483304
6135,47682910.6744246
6136,282196949.204026
6137,6505336.7853927
6138,2893524.79427647
6139,848726663.324255
6140,1265713.08721898
6141,15213987.0316774
6142,442802.901737036
6143,2610282.39063174
6144,19122501.7872319
6145,18283213.7284562
6146,2700450.96503907
6147,46314430.8170802
6148,1824759.09757914
6149,71066502.9166911
6150,160326647.009654
6151,6331469.48141589
6152,692278342.650764
6153,3101031.05765377
6154,154831.77651803
6155,102780981.235114
6156,2557395.88979945
6157,20242857.1615001
6158,71796176.5862323
6159,19880078.6786201
6160,8253124.7872626
6161,8327376.50405187
6162,3211653.40144285
6163,5318185.54951954
6164,3905822.11545036
6165,9712444.23259027
6166,21514953.4185478
6167,13963277.2696896
6168,13065225.7190408
6169,26782610.345502
6170,4924863.7643271
6171,3822714.45482603
6172,2322491.96903129
6173,12887209.4109732
6174,17512130.3646821
6175,14722740.6755222
6176,4704659.85755829
6177,41562269.9848128
6178,2047252.61093607
6179,210842000.629659
6180,14407752.9597256
6181,35149829.5703734
6182,237484160.26924
6183,17881623.6261606
6184,444008549.424673
6185,6523319.70473481
6186,2346010.69387434
6187,3763927.55795274
6188,13967931.6844322
6189,25370273.1402033
6190,61780824.3676767
6191,1064927.19024575
6192,25170109.2164754
6193,4713167.85961443
6194,1077633.26541222
6195,925732.806804345
6196,12916490.3047981
6197,1484380.23529402
6198,76725906.6852994
6199,562279531.233952
6200,511551.493644812
6201,5304250.12487479
6202,61456126.9639306
6203,455127601.052217
6204,12371693.2337486
6205,1230864.56845785
6206,22404433.0790333
6207,28370200.670592
6208,24408806.7384492
6209,113518.934161799
6210,484449.314578959
6211,29587382.1175712
6212,5757139.24852218
6213,12622537.1749459
6214,9585195.72891389
6215,9442139.22428996
6216,21260865.9490832
6217,569728.945511129
6218,3232042.80440364
6219,32538462.4531361
6220,270428.750435745
6221,2490445.4906535
6222,894387.946571981
6223,20801190.253855
6224,6220673.19296309
6225,31543053.3992738
6226,17865870.8151341
6227,19999673.8775586
6228,688104.116102441
6229,1776134.79909277
6230,265306.939776872
6231,45887799.5638613
6232,215233.066988581
6233,169039134.600561
6234,3667462.13548523
6235,25210498.6623528
6236,2343023.64663857
6237,6770086.38400239
6238,5976177.64785545
6239,144862534.368373
6240,99474394.1026577
6241,4392016.48762393
6242,1266954.79132628
6243,7102385.80751313
6244,27550158.4169232
6245,1118001.02850031
6246,411426.062721045
6247,275118922.127098
6248,3907011.4444497
6249,8497356.7471611
6250,7328588.00661117
6251,27640771.5775085
6252,2519839.72602753
6253,2298669.58270883
6254,71708515.5005834
6255,3159289.21385705
6256,1693796.10688109
6257,75317418.1698899
6258,330581.903744918
6259,2392564.04612296
6260,6427359.06860018
6261,15327104.7860532
6262,5224773.10990211
6263,14248305.8797466
6264,8294533.45196604
6265,7198310.75361497
6266,4626922.31674152
6267,43360843.2631587
6268,65220.2409641933
6269,125757713.265542
6270,63358589.1444251
6271,195281618.578571
6272,653387.087471154
6273,660707.291780308
6274,192722316.855536
6275,36663608.8479922
6276,72.6685308621021
6277,22927453.5223261
6278,195315.983634402
6279,2252748.97585843
6280,25957553.5139596
6281,1364135.95810006
6282,166883241.659822
6283,10151063.0985118
6284,89154310.2230284
6285,33196850.7340758
6286,1391028.28016317
6287,6459607.04141371
6288,59687389.4065538
6289,151398894.282328
6290,108763.513477772
6291,28816505.9292408
6292,119518417.259449
6293,307476669.311572
6294,4150904.18901433
6295,168419995.623083
6296,2193062.53727417
6297,36874979.8762256
6298,969436.030596757
6299,497864.005191549
6300,5657771.58737165
6301,94.554632086311
6302,5789773.16098342
6303,4661948.24054572
6304,1918961.52155721
6305,131602078.361948
6306,15103990.4669666
6307,537676.372651704
6308,3971610.93751791
6309,584862.102236542
6310,37096283.8679944
6311,100152.947999648
6312,6062630.56998028
6313,20503431.0156176
6314,15498676.9364998
6315,7144482.68853468
6316,31176531.7404261
6317,147940348.84584
6318,40155639.0510356
6319,15947432.1425727
6320,533017.189772576
6321,9223516.08710261
6322,12877930.9135128
6323,2792446.09083781
6324,179898.076952026
6325,8832828.71102
6326,464063.775296237
6327,13274855.9954628
6328,12633267.3361368
6329,509360.743191039
6330,1130777.82576344
6331,63092350.8896528
6332,508675.945280214
6333,4166317.20782129
6334,830191.784759082
6335,14328886.998121
6336,16373036.3373246
6337,46528872.2806261
6338,545027.413492366
6339,36714882.9176513
6340,2236274.75753852
6341,493393.057624537
6342,39112823.4326491
6343,29270987.4786264
6344,31141474.955006
6345,9595773.02675078
6346,120535110.611312
6347,69092061.9043124
6348,36650354.8579267
6349,11414183.5360526
6350,1102264.83915125
6351,34897052.7574375
6352,42135302.8631097
6353,1337658.57129704
6354,575736.629550406
6355,18875.9909265261
6356,13382442.4050433
6357,269570.459120461
6358,1041199.54018358
6359,5531547.85959436
6360,6556721.27810994
6361,26149620.7717803
6362,1475815.94829461
6363,4892090.07879172
6364,8744201.77201152
6365,79204484.6435886
6366,12816944.208549
6367,2331611.68942182
6368,24311821.6960917
6369,13823391.1868433
6370,92285920.3380988
6371,1918656.89436172
6372,26793124.3761268
6373,915211.012453178
6374,2957564.40792941
6375,271261.259211573
6376,1939524.57482543
6377,2583735.51727077
6378,1590785.09715152
6379,129016464.33393
6380,5537766.29068377
6381,144671188.21054
6382,20305149.4288226
6383,37493295.1047741
6384,40591671.5435544
6385,16047019.1134855
6386,226306669.869738
6387,2660176.33355772
6388,1224742.65518759
6389,582632.908697864
6390,38375350.0746615
6391,10188299.4429881
6392,10241115.6638844
6393,184770656.34516
6394,60302931.5046809
6395,216480.140708552
6396,373636.435564179
6397,7253801.53759795
6398,19519251.7837988
6399,569487.067746823
6400,6970759.29009275
6401,723527.007434957
6402,25966916.2008832
6403,1193310.41619248
6404,4207650.23530879
6405,1541884.58522879
6406,7283335.99336838
6407,9752959.47050865
6408,1380307.01141997
6409,34945135.1111153
6410,6112975.53955328
6411,1574855.50291072
6412,10208817.5726823
6413,11788874.2401589
6414,378726231.185678
6415,1356516.40571213
6416,3302199.68488438
6417,32354033.5764792
6418,24656757.4974621
6419,9275065.64097867
6420,20481089.7778896
6421,9112370.40565442
6422,140733.440366005
6423,8521918.88478136
6424,63180470.0744085
6425,8489944.08895774
6426,1989818.5105278
6427,624257.744238964
6428,2804373.75465643
6429,17465492.3749765
6430,70073022.7162976
6431,27250603.414636
6432,47025914.6475609
6433,4311579.50355466
6434,3949725.41258616
6435,8226233.70204977
6436,23846443.3671546
6437,10014738.4632945
6438,21745597.6435302
6439,8857798.71610703
6440,39314915.4567982
6441,4984290.10232883
6442,905881.552639704
6443,6370596.68702025
6444,479805.931312723
6445,380957333.887622
6446,129419534.461406
6447,11715024.3616062
6448,1586174.54401298
6449,17722800.5946989
6450,174715.813144642
6451,1972538.93403914
6452,6028038.52755424
6453,64303182.104246
6454,10100568.4447883
6455,4149550.99719621
6456,24114176.5254498
6457,59207591.7378547
6458,1492044.80834167
6459,12908217.9256277
6460,33345425.79351
6461,127388171.754859
6462,138801939.367619
6463,201742.588381506
6464,44141974.0468259
6465,2156104.7492426
6466,16731484.2712757
6467,8457769.10225459
6468,1609281.18791465
6469,8794976.59876548
6470,1125710.1268592
6471,902472.623825877
6472,30926418.2025224
6473,152.50698877653
6474,5194392.68892021
6475,2419606.02497362
6476,187041539.165567
6477,22923007.4650274
6478,8559445.63951343
6479,209346954.363536
6480,36684351.5364862
6481,13308326.5375279
6482,258972.609532278
6483,1458820.49270836
6484,53848310.7555075
6485,88998023.2810623
6486,638245.226600618
6487,35423459.509832
6488,13680635.8838985
6489,819412.28812877
6490,149353.198218682
6491,3844349.27891672
6492,5767987.9944869
6493,5231039.36196912
6494,38693413.168092
6495,6914308.26444772
6496,239704548.20437
6497,137637963.944183
6498,9942026.47023514
6499,18329422.8375434
6500,1907829.05053533
6501,1919587.35000846
6502,72388225.4093476
6503,6257437.16719886
6504,2478484.92119378
6505,3663494.79257366
6506,55.1420498239681
6507,16217818.1205614
6508,57113974.7874335
6509,10172924.1193538
6510,1197308.31868319
6511,1087379.98681767
6512,4249214.34886567
6513,12538539.0507399
6514,4673615.8605209
6515,106290542.697639
6516,27101843.9090918
6517,3153694.26234089
6518,37078076.4476278
6519,31986622.265908
6520,5097550.55314424
6521,171471585.746841
6522,15732987.5792433
6523,39127818.1403895
6524,6606262.76000789
6525,31613547.6160608
6526,295765627.825876
6527,693434.68443532
6528,1764233.57442981
6529,2202249.80907868
6530,58281006.7537136
6531,2819550.99172656
6532,29769499.8922907
6533,2047330.28926719
6534,204887819.04756
6535,3766789.24150145
6536,19830415.4302572
6537,49003071.3744614
6538,13439764.369272
6539,128732165.136319
6540,56392344.7649083
6541,51165424.9580745
6542,10107868.649806
6543,667191.702101008
6544,6493651.84318026
6545,1946771.81279497
6546,293129097.340168
6547,875486.090938799
6548,39035780.8247614
6549,99292390.2347989
6550,43682642.4639981
6551,11961923.7400098
6552,905109.797777857
6553,214.816000367872
6554,11314307.0371221
6555,39788088.4945385
6556,32350183.7442719
6557,3670985.55582416
6558,86327488.0922241
6559,9424965.85213873
6560,140246470.166667
6561,32.2795855920639
6562,86255464.8390444
6563,4594570.68452712
6564,8028551.10303938
6565,8873819.55012401
6566,11437557.4937988
6567,12554163.9173009
6568,27605427.7157977
6569,1679736.83106689
6570,11553219.6393858
6571,1950684.89886152
6572,82598.1661570778
6573,16937624.1283054
6574,20149206.813487
6575,566052.112664065
6576,4828560.63677498
6577,2396672.7388497
6578,37758442.0784348
6579,11852562.5532321
6580,495662.507964433
6581,9296685.09555902
6582,74.7951212829515
6583,192076.300142904
6584,838055.420785656
6585,28737518.8155452
6586,34668395.6464184
6587,23316520.8510542
6588,3088521.38944358
6589,8783737.15183708
6590,111215978.857162
6591,8285757.39299319
6592,106469427.083249
6593,87101593.5855596
6594,55470760.8679347
6595,132933.899897025
6596,86283540.569269
6597,1295493.43221817
6598,17564991.0187907
6599,2553056.91355479
6600,6319711.59404071
6601,4649310.25159687
6602,394892701.636826
6603,16262484.2556444
6604,5066079.00586457
6605,55704552.197014
6606,1714413.84272395
6607,48537039.0581029
6608,618450.866118274
6609,647381.578778557
6610,1883579.49568664
6611,5230133.18297282
6612,609891621.38872
6613,10579379.768719
6614,145620605.898392
6615,4276215.66674766
6616,129623047.335727
6617,18715813.4353418
6618,29495101.4624094
6619,5012448.16756646
6620,1524643.5650111
6621,16133570.8359565
6622,53103275.8241711
6623,123881175.885772
6624,90405270.5819835
6625,87871408.4810972
6626,51196828.7392271
6627,68163890.2549857
6628,172502.281199413
6629,1362895.47827371
6630,988459.384131112
6631,2697749.43164484
6632,104417.233967321
6633,805128.824889635
6634,1525015.14790421
6635,271453.50011653
6636,131529595.163322
6637,48961676.7169754
6638,15.0672786770035
6639,3172078.1055437
6640,9055962.24379658
6641,120304824.493224
6642,160239680.133134
6643,1966047.61186451
6644,475531.195407234
6645,20015075.9752004
6646,4235016.36539982
6647,1412580.1565256
6648,19595350.1711231
6649,5519686.0802693
6650,2812889.44631725
6651,12536180.0812118
6652,840718.296092679
6653,23349418.608223
6654,97844829.0103278
6655,10629454.6123009
6656,17352502.0101715
6657,73139741.0151455
6658,425883.855453683
6659,2858887.99747703
6660,2834670.9232135
6661,206859.054974692
6662,11255932.4286021
6663,501236759.398206
6664,1582423.42437369
6665,178516.942811428
6666,15705599.7020857
6667,115751666.996734
6668,18921983.2087877
6669,10942037.3610659
6670,3981513.02685964
6671,27470930.6315602
6672,4485546.00850605
6673,66539024.4819879
6674,276978815.654996
6675,46365020.0755918
6676,5705254.79152387
6677,525769.725691618
6678,4251457.32032305
6679,334217948.956473
6680,23860642.5811727
6681,514061442.922724
6682,24664554.2476928
6683,45166314.6800649
6684,210937.612353029
6685,1843206.17108809
6686,22616266.6157619
6687,27686500.9338976
6688,5498346.86343761
6689,11804042.7415756
6690,271860660.250293
6691,4864064.98442791
6692,312498688.536416
6693,24032563.2356125
6694,64995163.4925476
6695,6631760.9703899
6696,94926352.540723
6697,6655181.50276974
6698,8559033.5877229
6699,14578622.3776479
6700,133326317.668992
6701,20365577.1509453
6702,13985845.605079
6703,1172289.22407722
6704,2002753.10795382
6705,19476873.7132696
6706,14310532.9574867
6707,19821386.3408887
6708,8094105.25091963
6709,3605847.7902577
6710,56649888.9167296
6711,29042415.5303381
6712,82614569.3110013
6713,5197461.53827383
6714,1885178.80887986
6715,1436951.94785045
6716,5357679.07239211
6717,284017479.509131
6718,7022649.05459074
6719,11826606.7827111
6720,397511.712937498
6721,18966433.5620131
6722,3986536.68003869
6723,81162912.3598209
6724,7087359.88754442
6725,3354845.07399633
6726,62437719.2263774
6727,6947802.06630237
6728,2634535.46832287
6729,2570821.56626729
6730,16941582.0544277
6731,705394.600373587
6732,1984809.52880256
6733,30202943.7942202
6734,3907791.53849672
6735,59270009.9908572
6736,1082992.19560311
6737,402473.676075006
6738,2800869.57943171
6739,28714714.9098338
6740,29323.9494437716
6741,775343.436891867
6742,20490877.6810698
6743,89107493.2844066
6744,9358787.35897127
6745,946973.408944006
6746,64544244.3206994
6747,19068412.434098
6748,496628.536265424
6749,146.375769348688
6750,1625372.04710538
6751,7367821.8358563
6752,69895976.1546007
6753,2166563.66512975
6754,94807758.2349099
6755,2152606.04451698
6756,178654000.754722
6757,15250885.7061727
6758,2937746.09354912
6759,1111.02132603803
6760,4253015.83560663
6761,12132413.1683117
6762,631578.550954716
6763,16757821.7270532
6764,947734.08155523
6765,131620333.675267
6766,130090.483407225
6767,14438829.3624602
6768,97915834.1111565
6769,9929516.68205966
6770,4845612.17768156
6771,6610481.82895985
6772,2767502.25340923
6773,28130212.8682451
6774,176122396.631887
6775,401846053.605471
6776,1991435.49576298
6777,7867598.31019403
6778,23678495.5267799
6779,46066325.7802503
6780,61335333.2227391
6781,1573941.69360718
6782,96351349.6056894
6783,9759929.7028024
6784,529996.258195968
6785,42142335.8742028
6786,750400.06229172
6787,30305945.2043918
6788,3096123.79343951
6789,1886458.26560122
6790,3128621.6505925
6791,38913408.2234833
6792,129276274.028188
6793,49350224.3084993
6794,6425965.5994002
6795,10309009.7338336
6796,598124245.448525
6797,6645992.49434537
6798,5797185.04212579
6799,1345430.55485754
6800,14679168.159775
6801,9518829.22850992
6802,10530737.3254835
6803,96571989.1166934
6804,259698.189456543
6805,35435825.8608947
6806,4290874.11103828
6807,30257717.6379639
6808,1662942.19042567
6809,4138093.00365784
6810,13032577.2345931
6811,38446237.8413612
6812,4129135.70884606
6813,70473425.8726704
6814,1729057.79454033
6815,13252671.6645514
6816,7221855.16206951
6817,170139.590559608
6818,61030.2653155599
6819,12465964.9292673
6820,42902798.2049454
6821,14933600.699423
6822,8738290.60723232
6823,26093936.8331851
6824,119666363.310592
6825,19814235.1394699
6826,2739284.64864181
6827,1716769.80483255
6828,101652.324441671
6829,39176.2584043593
6830,8742314.47395721
6831,50691213.0079401
6832,6591958.08225785
6833,4539008.61421575
6834,4066559.91656296
6835,79232718.0808556
6836,1657386.08408417
6837,71021722.3446863
6838,6342202.31890437
6839,1917211.27252359
6840,5908964.00673938
6841,3970373.19535758
6842,114.195094329183
6843,5016982.09461993
6844,4337834.05230202
6845,12440141.6551434
6846,29714403.5805983
6847,647986.533520039
6848,2330478.76729028
6849,1966569.35827427
6850,21122832.6714754
6851,101904308.930434
6852,7664920.17715134
6853,1155457.8406736
6854,21698234.2340294
6855,6410794.79545004
6856,22.4308081997894
6857,8422695.64983961
6858,75.936852989216
6859,10365414.065026
6860,5514906.75416239
6861,8354569.93442746
6862,16892030.8338535
6863,211229070.297947
6864,983647.661985085
6865,1753076.74655471
6866,73756407.2935923
6867,23651862.6950067
6868,806645995.477148
6869,25887646.8041628
6870,1139597.23075452
6871,51889712.952737
6872,1016298.17028307
6873,9223597.92392889
6874,32157747.7119454
6875,4710588.03985694
6876,324.857327500513
6877,7180806.32972493
6878,860656.108290901
6879,2835579.13489704
6880,133313.863429128
6881,1243100.66470937
6882,33285461.6832192
6883,50631660.945861
6884,68788800.1665847
6885,3962579.1717648
6886,431425.728336164
6887,8902683.15014862
6888,42108778.7369328
6889,1178978.3254506
6890,14446391.4631279
6891,40456661.6537905
6892,120639111.183263
6893,149132937.004473
6894,6694902.51933809
6895,1722630.24212379
6896,2367457.19574225
6897,609170.880488177
6898,2202663.10447078
6899,1767821.39538011
6900,4693551.99406306
6901,20435886.8251927
6902,1433187.52957849
6903,8034868.25688922
6904,77864766.7347777
6905,36814369.3051889
6906,102478588.161272
6907,18492826.8596201
6908,6588422.5457904
6909,1120274.63127459
6910,1498855.9223038
6911,6251162.2626754
6912,5528106.08256704
6913,186726981.180601
6914,93757663.6792535
6915,3827950.71796815
6916,13688306.6220632
6917,623517633.05631
6918,29086620.7718176
6919,1545752.11556879
6920,73865141.6786863
6921,191454016.828278
6922,12325030.6505986
6923,3245486.06413205
6924,143038.415869542
6925,5244743.55721408
6926,6706759.38573166
6927,921252.6106423
6928,13446351.0248176
6929,25350087.6471109
6930,93454582.6490984
6931,3880288.79252488
6932,4418313.20102726
6933,1341698.1552763
6934,49637635.278251
6935,1440445.96379139
6936,1850988.63601559
6937,87711248.4633023
6938,3442509.66602833
6939,110580468.708524
6940,29187933.534746
6941,58931747.9747446
6942,16580388.8500739
6943,2866107.39393731
6944,107228600.012794
6945,8368011.33522706
6946,59786605.6801656
6947,644427.369409118
6948,10657960.7878135
6949,28181885.7106062
6950,249005071.642919
6951,457012.843195901
6952,8000706.07370567
6953,15540417.2865472
6954,1594081.60708458
6955,49163986.8023048
6956,3262508.81308925
6957,2195982.70817706
6958,304938.609400281
6959,4002572.47203416
6960,27888768.7901343
6961,3747918.28177943
6962,82090727.1028963
6963,2974770.06452143
6964,32736149.2597074
6965,771783.618813713
6966,41566113.4263402
6967,29354389.7078399
6968,926321.704677247
6969,321816.513211691
6970,8044803.39390333
6971,92100200.333369
6972,15.8730852662921
6973,12266303.3397014
6974,29142859.8167769
6975,18203673.640551
6976,2973756.90070129
6977,1630364.18058557
6978,2709413.94923453
6979,18507810.0889034
6980,11119827.572047
6981,2950015.55290865
6982,12900825.3637395
6983,1612493.20270571
6984,56345849.999914
6985,215378240.257672
6986,15305103.6433542
6987,1289455.10914355
6988,13397318.0730133
6989,1201105.18011737
6990,73757811.1421165
6991,1551078.63535474
6992,3299652.07146024
6993,618958.651262393
6994,65002.5330639776
6995,13250237.9246899
6996,20710026.1917558
6997,284200.449305599
6998,10883820.1743163
6999,76098734.6061037
7000,196748.215765567
7001,6850070.8108452
7002,2222564.278879
7003,7671398.82786815
7004,3798909.1329459
7005,2086470.21084069
7006,2010709.4545346
7007,30939788.7090037
7008,17968615.763804
7009,11991459.0129347
7010,5398948.39197698
7011,967387.269708584
7012,1727585.81351113
7013,2218186.45409687
7014,153215.168464634
7015,116527897.816272
7016,111715784.605307
7017,5321287.83296494
7018,8227292.1400002
7019,29530337.4823992
7020,22544854.2932283
7021,14921373.460055
7022,21836973.328298
7023,36270337.3929517
7024,6358097.063023
7025,3152599.07295976
7026,117391076.59967
7027,16573599.0878711
7028,2197015.10161549
7029,47073507.2649397
7030,4363157.52827613
7031,25496179.3126748
7032,2245817.15496578
7033,4016695.45821052
7034,2488564.43285994
7035,4404054.57299617
7036,6069158.41689673
7037,6952500.13686243
7038,3614740.86977241
7039,14281230.0880267
7040,3645560.93312492
7041,15718745.9911716
7042,34537992.3045503
7043,1311861.30681712
7044,4557311.70664753
7045,5221305.60993894
7046,72798792.2008231
7047,80132107.3009985
7048,8181638.65414704
7049,5304237.90529028
7050,191400.861617087
7051,3241419.95444682
7052,35849652.230544
7053,2524323.01604216
7054,25937656.1342092
7055,50261086.4062311
7056,265383870.712785
7057,5006198.56850539
7058,7738583.0488081
7059,10123001.4759358
7060,10851950.6432459
7061,14741672.0929164
7062,4286371.48748238
7063,397504.549003381
7064,79616331.998796
7065,18451938.9136177
7066,2204655.86627383
7067,540452.641562624
7068,52241627.2505992
7069,1054610.18122859
7070,98204362.7427624
7071,169343051.087905
7072,561421.320055224
7073,11587584.7371951
7074,643850.154523868
7075,32859304.3607154
7076,23477321.7203599
7077,8346343.21419582
7078,36303127.3284587
7079,7378082.54596711
7080,1801648.07965043
7081,2206785.96810591
7082,860763.44219869
7083,456894.182617375
7084,14209001.5395254
7085,9157492.46174723
7086,125119.834583347
7087,86791119.7295533
7088,62101967.1521781
7089,658791.998010597
7090,2272912.55860465
7091,8506023.40404817
7092,78331539.6934204
7093,28143261.0993539
7094,29403110.1126534
7095,3805397.26019167
7096,4189070.65216598
7097,103457052.606418
7098,38410627.8246207
7099,54935302.3703767
7100,6441830.84239377
7101,10792389.3343004
7102,623661.471662482
7103,4321952.70462524
7104,1153642.18434944
7105,43226732.6386231
7106,15165471.0978978
7107,12947499.4617981
7108,2480263.26628248
7109,14207279.7314895
7110,1225210.60198656
7111,10365203.7906628
7112,74112089.84018
7113,102190458.275461
7114,3154402.36153555
7115,49506480.1883171
7116,11974964.7284088
7117,523100.383553332
7118,15482561.0605733
7119,15561049.1433324
7120,376810.397715031
7121,3945191.93164727
7122,364048.810709673
7123,2835632.16677385
7124,247722621.115189
7125,2391057.26114053
7126,179907139.660863
7127,31879618.7144484
7128,798029.454317191
7129,6382372.98937689
7130,8904154.68351201
7131,11916495.7048587
7132,20208486.6821655
7133,110466593.053324
7134,21482531.0630091
7135,48966127.2851613
7136,30904569.9045254
7137,7714744.92770423
7138,6715479.66666994
7139,307539.741572157
7140,83442579.5910792
7141,967995.241444168
7142,1007333.29564562
7143,33331527.6337375
7144,978068.288065292
7145,13367965.1696084
7146,413013.948036953
7147,22741436.015286
7148,3513985.97403653
7149,15251482.9678793
7150,59.8952879655442
7151,10066881.0529094
7152,12174062.1586149
7153,11253568.5213394
7154,14547451.1639807
7155,16073071.4751342
7156,2985974.52394844
7157,66295430.5694464
7158,809630.810916346
7159,1699704.83047041
7160,549052.994651946
7161,15480478.1468803
7162,315401121.305765
7163,5507972.21526079
7164,579719.193805416
7165,7102128.90083616
7166,686565.246591233
7167,143923.325403473
7168,670268.008165455
7169,12614146.8114541
7170,11518099.3348029
7171,10780913.4020927
7172,6946491.25247851
7173,4822306.00863429
7174,3407718.39389647
7175,1191216.92127915
7176,4360154.89631187
7177,44751243.9962733
7178,20721015.315679
7179,82310075.4176859
7180,508687.208560192
7181,6959650.48838352
7182,61307229.7223317
7183,349785.376519475
7184,1020950946.57005
7185,10460462.7275893
7186,10866654.5678579
7187,20455486.6851873
7188,44258690.9072851
7189,17457828.3536577
7190,1016533.85968591
7191,58016.5748872642
7192,16445183.3959319
7193,30087244.7470083
7194,289084387.642447
7195,13128942.1804129
7196,3821312.79682997
7197,13036177.4218521
7198,11392666.4918099
7199,19112237.4965315
7200,44420401.0342554
7201,2021997.95362166
7202,8552741.2347201
7203,372801.515104042
7204,34695358.869848
7205,113885403.703769
7206,113257950.407744
7207,283208185.345872
7208,4963717.48527784
7209,1605721.9416251
7210,520988.030197535
7211,553854.570039686
7212,9367330.29985082
7213,8603550.26576049
7214,33088800.9510865
7215,86980397.3361928
7216,109157640.369126
7217,1601059.42973628
7218,5791890.43559572
7219,14166072.1853241
7220,45310436.1176295
7221,6317875.01164013
7222,95385479.6147036
7223,11997958.1125264
7224,5962500.23540168
7225,44.9778004731386
7226,36047556.4289517
7227,13177732.0253369
7228,2787931.10458583
7229,7348189.20807935
7230,853619.770254983
7231,117.471820154169
7232,209257976.58243
7233,85547460.21831
7234,195285993.500307
7235,21161107.1840457
7236,46127885.6885117
7237,4487147.16990743
7238,6114536.69287911
7239,659730069.685113
7240,12014550.4077027
7241,144391253.092477
7242,50774984.5980522
7243,4318210.64733455
7244,21070148.4946597
7245,762416.897577361
7246,580077.121779325
7247,42494927.7862142
7248,37474796.1809933
7249,1111766.94670952
7250,191585.351311585
7251,25575088.4807269
7252,11084032.9307792
7253,5369676.42395148
7254,11198508.472755
7255,512542.75649939
7256,4351397.06412063
7257,4275057.61348289
7258,16633467.2954236
7259,10178079.4801559
7260,528405.465124705
7261,317627434.707141
7262,276264.609496695
7263,33543456.8134077
7264,5752367.12939756
7265,3508629.92102238
7266,30927227.1999375
7267,1252781.75369894
7268,4995936.00392253
7269,37333184.6133228
7270,169128760.219864
7271,2519194.34840054
7272,18961015.308126
7273,1606396.91488538
7274,4415567.20500511
7275,5790961.83310454
7276,7279101.94368855
7277,114438789.754025
7278,128184050.540706
7279,165516476.659299
7280,46631606.2360401
7281,16337788.9306676
7282,33789105.7952441
7283,134586995.346805
7284,937545.698818297
7285,50087062.9646026
7286,119983957.972279
7287,733477.903900837
7288,27367822.7754117
7289,93215606.1437231
7290,3783115.56765714
7291,13475030.682423
7292,1166410.61113921
7293,9392532.28733439
7294,1163123.63326076
7295,42461642.5291355
7296,86081.3303126286
7297,18166897.1877435
7298,5624857.93217402
7299,4660391.83505811
7300,3105570.24357615
7301,11410139.2612554
7302,1434565.40605229
7303,577834.138503384
7304,13105161.3887966
7305,2434356.39715877
7306,302085272.178396
7307,1091027.52617696
7308,885110.082720057
7309,11780531.4795379
7310,9124928.54663799
7311,14630776.1595071
7312,84865958.174749
7313,154747521.754864
7314,2440982.38116633
7315,4467484.69641239
7316,4491572.04799166
7317,11723270.677886
7318,75905621.3236884
7319,3026261.1012745
7320,7710608.38262838
7321,459891.473972982
7322,1400626.22657683
7323,28619100.0522577
7324,6038954.14970269
7325,240335161.617301
7326,190362836.249153
7327,30288014.0738297
7328,15860109.5851987
7329,66636790.5227018
7330,202788421.693229
7331,53921240.0354675
7332,19330278.1370649
7333,63522496.4261056
7334,5740829.84790108
7335,37878592.2855389
7336,1200820.51645262
7337,24133674.7253219
7338,38145653.1425654
7339,53194563.5726283
7340,4093327.09311139
7341,153989.644014928
7342,48221189.4649326
7343,2718552.38571225
7344,1238600.7270489
7345,10896449.1744129
7346,4385836.04191422
7347,5352893.52393544
7348,1200428.4287582
7349,13816550.0952509
7350,4430134.12474553
7351,19868202.4312481
7352,140331.400135704
7353,16461695.9667346
7354,330011.883777698
7355,28059083.3120275
7356,21151411.257627
7357,2735203.10159843
7358,6315711.01371998
7359,27056622.2229327
7360,22401773.6600295
7361,188354.075617867
7362,105977982.793941
7363,420957468.802931
7364,1005345.08551531
7365,60223182.5968589
7366,21692099.6908602
7367,2234525.25907299
7368,19067418.1006044
7369,7742910.47444104
7370,62753009.9439239
7371,873406.39966531
7372,67275970.2750755
7373,264347448.33179
7374,16057977.6257103
7375,39219587.1384878
7376,2031156.66873389
7377,10475830.4112431
7378,4509022.25910721
7379,30243812.0758007
7380,22468511.4356978
7381,12777944.2873309
7382,2772962.83554176
7383,603977.545040316
7384,5845930.29226609
7385,27404364.9875734
7386,36755707.3553603
7387,2115420.25260449
7388,8812833.33693742
7389,287369.565948707
7390,701117.751088225
7391,9800208.49029916
7392,3283188.10122691
7393,457130173.012952
7394,14265251.7181903
7395,39714868.4452318
7396,34573348.307039
7397,3247133.4511109
7398,2926481.56411029
